﻿<?xml version="1.0" encoding="utf-8"?>
<Defs>

  <SoundDef>
    <defName>Shot_Flintlock_Westerado</defName>  
    <context>MapOnly</context>
    <eventNames />  
    <maxSimultaneous>1</maxSimultaneous>  
    <subSounds>
			<li>
        <grains>
          <li Class="AudioGrain_Folder">
            <clipFolderPath>Interact/Work/Mine/PickHit</clipFolderPath>
          </li>
        </grains>      
        <volumeRange>
          <min>18.70844</min>        
          <max>20.70332</max>
        </volumeRange>
      </li>
      <li>
        <grains>
          <li Class="AudioGrain_Folder">
            <clipFolderPath>Impact/Ignite</clipFolderPath>
          </li>
        </grains>      
        <volumeRange>
          <min>100</min>        
          <max>100</max>
        </volumeRange>      
        <pitchRange>
          <min>0.9311765</min>        
          <max>1.183529</max>
        </pitchRange>
      </li>
			<li>
        <grains>
          <li Class="AudioGrain_Folder">
            <clipFolderPath>Weapon/SniperRifle</clipFolderPath>
          </li>
        </grains>      
        <volumeRange>
          <min>25</min>        
          <max>26</max>
        </volumeRange>
				<pitchRange>
          <min>1.3</min>        
          <max>1.5</max>
        </pitchRange>				
        <distRange>
          <min>39.11765</min>        
          <max>70</max>
        </distRange>
      </li>
      <li>
        <grains>
          <li Class="AudioGrain_Folder">
            <clipFolderPath>Weapon/Shotgun/Rack</clipFolderPath>
          </li>
        </grains>      
        <volumeRange>
          <min>8.58823</min>        
          <max>8.58823</max>
        </volumeRange>      
        <pitchRange>
          <min>0.9311765</min>        
          <max>1.137647</max>
        </pitchRange>      
        <sustainLoop>False</sustainLoop>
      </li>
    </subSounds>
  </SoundDef>
	
	<SoundDef>
    <defName>Shot_DoubleBarrelShotgun_Westerado</defName>  
    <context>MapOnly</context>
    <eventNames />  
    <maxSimultaneous>1</maxSimultaneous>  
    <subSounds>
      <li>
        <grains>
          <li Class="AudioGrain_Folder">
            <clipFolderPath>Weapon/Shotgun/Shot</clipFolderPath>
          </li>
        </grains>      
        <volumeRange>
          <min>94.70588</min>        
          <max>94.70588</max>
        </volumeRange>
				<pitchRange>
          <min>0.9111765</min>        
          <max>0.95</max>
        </pitchRange> 				
        <distRange>
          <min>39.11765</min>        
          <max>70</max>
        </distRange>
      </li>    
      <li>
        <grains>
          <li Class="AudioGrain_Folder">
            <clipFolderPath>Weapon/Shotgun/ShellEjection</clipFolderPath>
          </li>
        </grains>      
        <volumeRange>
          <min>28</min>        
          <max>28</max>
        </volumeRange>      
        <pitchRange>
          <min>0.88</min>        
          <max>1.05</max>
        </pitchRange>      
        <sustainLoop>False</sustainLoop>
      </li>
    </subSounds>
  </SoundDef>
	
	<SoundDef>
    <defName>Shot_LeverActionShotgun_Westerado</defName>  
    <context>MapOnly</context>
    <eventNames />  
    <maxSimultaneous>1</maxSimultaneous>  
    <subSounds>
      <li>
        <grains>
          <li Class="AudioGrain_Folder">
            <clipFolderPath>Weapon/Shotgun/Shot</clipFolderPath>
          </li>
        </grains>      
        <volumeRange>
          <min>94.70588</min>        
          <max>94.70588</max>
        </volumeRange>
				<pitchRange>
          <min>0.9111765</min>        
          <max>0.95</max>
        </pitchRange> 				
        <distRange>
          <min>39.11765</min>        
          <max>70</max>
        </distRange>
      </li>    
      <li>
        <grains>
          <li Class="AudioGrain_Folder">
            <clipFolderPath>Weapon/Rifle/LeverAction</clipFolderPath>
          </li>
        </grains>      
        <volumeRange>
          <min>25</min>        
          <max>25</max>
        </volumeRange>      
        <pitchRange>
          <min>0.88</min>        
          <max>1.05</max>
        </pitchRange>      
        <sustainLoop>False</sustainLoop>
      </li>
    </subSounds>
  </SoundDef>
	
	<SoundDef>
    <defName>Shot_RepeatingRifle_Westerado</defName>  
    <context>MapOnly</context>
    <eventNames />  
    <maxSimultaneous>1</maxSimultaneous>  
    <subSounds>
      <li>
        <grains>
          <li Class="AudioGrain_Folder">
            <clipFolderPath>Weapon/AssaultRifle</clipFolderPath>
          </li>
        </grains>      
        <volumeRange>
          <min>45.2941</min>        
          <max>45.2941</max>
        </volumeRange>      
        <pitchRange>
          <min>0.88</min>        
          <max>0.92</max>
        </pitchRange>      
        <sustainLoop>False</sustainLoop>
      </li>
			<li>
        <grains>
          <li Class="AudioGrain_Folder">
            <clipFolderPath>Weapon/Rifle/LeverAction</clipFolderPath>
          </li>
        </grains>      
        <volumeRange>
          <min>25</min>        
          <max>25</max>
        </volumeRange>      
        <pitchRange>
          <min>0.88</min>        
          <max>1.05</max>
        </pitchRange>      
        <sustainLoop>False</sustainLoop>
      </li>
    </subSounds>
  </SoundDef>
	
	<SoundDef>
    <defName>Shot_PuntGun_Westerado</defName>  
    <context>MapOnly</context>
    <eventNames />  
    <maxSimultaneous>1</maxSimultaneous>  
    <subSounds>
      <li>
        <grains>
          <li Class="AudioGrain_Folder">
            <clipFolderPath>Weapon/Shotgun/Shot</clipFolderPath>
          </li>
        </grains>      
        <volumeRange>
          <min>98.70588</min>        
          <max>98.70588</max>
        </volumeRange>
				<pitchRange>
          <min>0.8311765</min>        
          <max>0.937647</max>
        </pitchRange>				
        <distRange>
          <min>39.11765</min>        
          <max>70</max>
        </distRange>
      </li>    
    </subSounds>
  </SoundDef>

</Defs>