﻿<?xml version="1.0" encoding="utf-8" ?>
<Defs>

	<!-- ========================== Badger ================================= -->

	<ThingDef ParentName="AnimalThingBase">
    <defName>Badger_Westerado</defName>
    <label>badger</label>
    <description>A small, extremely hardy animal that ranges wide across forests and shrubland. It's not afraid of much and can be quite aggressive.</description>
    <statBases>
      <MoveSpeed>4.2</MoveSpeed>
      <MarketValue>110</MarketValue>
      <ComfyTemperatureMin>-30</ComfyTemperatureMin>
    </statBases>
    <tools>
      <li>
        <label>left claw</label>
        <capacities>
          <li>Scratch</li>
        </capacities>
        <power>7</power>
        <cooldownTime>2</cooldownTime>
        <linkedBodyPartsGroup>FrontLeftPaw</linkedBodyPartsGroup>
      </li>
      <li>
        <label>right claw</label>
        <capacities>
          <li>Scratch</li>
        </capacities>
        <power>7</power>
        <cooldownTime>2</cooldownTime>
        <linkedBodyPartsGroup>FrontRightPaw</linkedBodyPartsGroup>
      </li>
      <li>
        <capacities>
          <li>Bite</li>
        </capacities>
        <power>8</power>
        <cooldownTime>2</cooldownTime>
        <linkedBodyPartsGroup>Teeth</linkedBodyPartsGroup>
        <chanceFactor>0.7</chanceFactor>
      </li>
      <li>
        <label>head</label>
        <capacities>
          <li>Blunt</li>
        </capacities>
        <power>3</power>
        <cooldownTime>2</cooldownTime>
        <linkedBodyPartsGroup>HeadAttackTool</linkedBodyPartsGroup>
        <ensureLinkedBodyPartsGroupAlwaysUsable>true</ensureLinkedBodyPartsGroupAlwaysUsable>
        <chanceFactor>0.2</chanceFactor>
      </li>
    </tools>
    <race>
      <body>QuadrupedAnimalWithPaws</body>
			<predator>true</predator>
      <maxPreyBodySize>0.65</maxPreyBodySize>
      <baseBodySize>0.4</baseBodySize>
      <baseHealthScale>0.90</baseHealthScale>
			<baseHungerRate>0.44</baseHungerRate>
			<foodType>OmnivoreRoughAnimal</foodType>
      <leatherDef>Leather_Light</leatherDef>
      <wildness>0.80</wildness>
			<manhunterOnDamageChance>0.35</manhunterOnDamageChance>
      <mateMtbHours>8</mateMtbHours>
      <gestationPeriodDays>14</gestationPeriodDays>
      <litterSizeCurve>
        <points>
          <li>(0.5, 0)</li>
          <li>(1, 1)</li>
          <li>(2, 1)</li>
          <li>(2.5, 0)</li>
        </points>
      </litterSizeCurve>
      <lifeExpectancy>15</lifeExpectancy>
      <lifeStageAges>
        <li>
          <def>AnimalBaby</def>
          <minAge>0</minAge>
        </li>
        <li>
          <def>AnimalJuvenile</def>
          <minAge>0.15</minAge>
        </li>
        <li>
          <def>AnimalAdult</def>
          <minAge>0.4</minAge>
          <soundWounded>Pawn_Boomrat_Wounded</soundWounded>
          <soundDeath>Pawn_Boomrat_Death</soundDeath>
          <soundCall>Pawn_Boomrat_Call</soundCall>
          <soundAngry>Pawn_Boomrat_Angry</soundAngry>
        </li>
      </lifeStageAges>
      <soundMeleeHitPawn>Pawn_Melee_SmallScratch_HitPawn</soundMeleeHitPawn>
      <soundMeleeHitBuilding>Pawn_Melee_SmallScratch_HitBuilding</soundMeleeHitBuilding>
      <soundMeleeMiss>Pawn_Melee_SmallScratch_Miss</soundMeleeMiss>
    </race>
    <tradeTags>
      <li>AnimalCommon</li>
    </tradeTags>
  </ThingDef>
  <PawnKindDef ParentName="AnimalKindBase">
    <defName>Badger_Westerado</defName>
    <label>badger</label>
    <race>Badger_Westerado</race>
    <combatPower>55</combatPower>
    <ecoSystemWeight>0.25</ecoSystemWeight>
    <lifeStages>
      <li>
        <bodyGraphicData>
          <texPath>Things/Pawn/Animal/Badger/Badger</texPath>
          <drawSize>1.1</drawSize>
          <shaderType>CutoutComplex</shaderType>
        </bodyGraphicData>
        <dessicatedBodyGraphicData>
          <texPath>Things/Pawn/Animal/Raccoon/Dessicated_Raccoon</texPath>
          <drawSize>1.1</drawSize>
        </dessicatedBodyGraphicData>
      </li>
      <li>
        <bodyGraphicData>
          <texPath>Things/Pawn/Animal/Badger/Badger</texPath>
          <drawSize>1.3</drawSize>
          <shaderType>CutoutComplex</shaderType>
        </bodyGraphicData>
        <dessicatedBodyGraphicData>
          <texPath>Things/Pawn/Animal/Raccoon/Dessicated_Raccoon</texPath>
          <drawSize>1.3</drawSize>
        </dessicatedBodyGraphicData>
      </li>
      <li>
        <bodyGraphicData>
          <texPath>Things/Pawn/Animal/Badger/Badger</texPath>
          <drawSize>1.6</drawSize>
          <shaderType>CutoutComplex</shaderType>
        </bodyGraphicData>
        <dessicatedBodyGraphicData>
          <texPath>Things/Pawn/Animal/Raccoon/Dessicated_Raccoon</texPath>
          <drawSize>1.6</drawSize>
        </dessicatedBodyGraphicData>
      </li>
    </lifeStages>
  </PawnKindDef>
	
	<!-- ========================== DONKEH ================================= -->
	
	<ThingDef ParentName="AnimalThingBase" ADogSaidBody="LegsTail" Name="BaseDonkey_Westerado" Abstract="True">
	 <race>
	  <herdAnimal>true</herdAnimal>
		<body>QuadrupedAnimalWithHooves</body>
		<petness>0.85</petness>
		<baseBodySize>1.5</baseBodySize>
		<baseHungerRate>0.6</baseHungerRate>
		<baseHealthScale>1.75</baseHealthScale>
		<foodType>VegetarianRoughAnimal</foodType>
		<leatherDef>Leather_Plain</leatherDef>
		<wildness>0.15</wildness>
		<trainability>Advanced</trainability>
		<nuzzleMtbHours>100</nuzzleMtbHours>
	  <meatLabel>donkey meat</meatLabel>
	  <packAnimal>true</packAnimal>
		<gestationPeriodDays>35</gestationPeriodDays>
	  <litterSizeCurve>
			<points>
				<li>(0.5, 0)</li>
				<li>(1, 1)</li>
				<li>(2, .02)</li>
				<li>(3, 0)</li>
			</points>
		</litterSizeCurve>
		<lifeExpectancy>27</lifeExpectancy>
	  <lifeStageAges>
			<li>
				<def>AnimalBaby</def>
				<minAge>0</minAge>
			</li>
			<li>
				<def>AnimalJuvenile</def>
				<minAge>.75</minAge>
			</li>
			<li>
				<def>AnimalAdult</def>
				<minAge>1</minAge>
				<soundWounded>Pawn_Elk_Wounded</soundWounded>
				<soundDeath>Pawn_Elk_Death</soundDeath>
				<soundCall>Pawn_Elk_Call</soundCall>
				<soundAngry>Pawn_Elk_Angry</soundAngry>
			</li>
		</lifeStageAges>
		<soundMeleeHitPawn>Pawn_Melee_BigBash_HitPawn</soundMeleeHitPawn>
		<soundMeleeHitBuilding>Pawn_Melee_BigBash_HitBuilding</soundMeleeHitBuilding>
		<soundMeleeMiss>Pawn_Melee_BigBash_Miss</soundMeleeMiss>
    </race>
    <tradeTags>
      <li>AnimalCommon</li>
			<li>AnimalFarm</li>
    </tradeTags>
  </ThingDef>
  
	<PawnKindDef ParentName="AnimalKindBase" Name="DonkeyKindBase_Westerado" Abstract="True">
    <combatPower>75</combatPower>
  </PawnKindDef>

  <!-- Brown Donkey Def-->
  
  <ThingDef ParentName="BaseDonkey_Westerado">
    <defName>BrownDonkey_Westerado</defName>
    <label>brown donkey</label>
    <description>A common donkey. Makes a good companion for crossing large swaths of harsh terrain. Can survive off sparse amounts of food.</description>
    <statBases>
      <MoveSpeed>6</MoveSpeed>
      <ComfyTemperatureMin>-25</ComfyTemperatureMin>
      <MarketValue>250</MarketValue>
		</statBases>
		<race>
			<baseHungerRate>0.04</baseHungerRate>
			<wildBiomes>
				<TropicalRainforest>0.02</TropicalRainforest>
				<TemperateForest>0.09</TemperateForest>
				<BorealForest>0.09</BorealForest>
				<Desert>0.05</Desert>
				<AridShrubland>0.07</AridShrubland>
				<Tundra>0.02</Tundra>
				<ColdBog>0.02</ColdBog>
			</wildBiomes>
		</race>
    <tools>
			<li>
        <capacities>
          <li>Bite</li>
        </capacities>
        <power>9</power>
        <cooldownTime>2.6</cooldownTime>
        <linkedBodyPartsGroup>Teeth</linkedBodyPartsGroup>
        <chanceFactor>0.8</chanceFactor>
      </li>
      <li>
        <label>head</label>
        <capacities>
          <li>Blunt</li>
        </capacities>
        <power>6.5</power>
        <cooldownTime>2</cooldownTime>
        <linkedBodyPartsGroup>HeadAttackTool</linkedBodyPartsGroup>
        <ensureLinkedBodyPartsGroupAlwaysUsable>true</ensureLinkedBodyPartsGroupAlwaysUsable>
        <chanceFactor>0.2</chanceFactor>
      </li>
      <li>
        <label>left hoof</label>
        <capacities>
          <li>Blunt</li>
          <li>Poke</li>
        </capacities>
        <power>13</power>
        <cooldownTime>2</cooldownTime>
        <linkedBodyPartsGroup>FrontLeftLeg</linkedBodyPartsGroup>
      </li>
      <li>
        <label>right hoof</label>
        <capacities>
          <li>Blunt</li>
          <li>Poke</li>
        </capacities>
        <power>13</power>
        <cooldownTime>2</cooldownTime>
        <linkedBodyPartsGroup>FrontRightLeg</linkedBodyPartsGroup>
      </li>
    </tools>
  </ThingDef>
	<PawnKindDef ParentName="DonkeyKindBase_Westerado">
    <defName>BrownDonkey_Westerado</defName>
    <label>brown donkey</label>
    <race>BrownDonkey_Westerado</race>
    <combatPower>70</combatPower>
    <labelFemale>brown jenny</labelFemale>
		<ecoSystemWeight>0.20</ecoSystemWeight>
    <wildGroupSize>
      <min>2</min>
      <max>5</max>
    </wildGroupSize>
    <lifeStages>
      <li>
				<label>brown donkey  foal</label>
        <labelPlural>brown donkey foals</labelPlural>
        <bodyGraphicData>
          <texPath>Things/Pawn/Animal/Donkey/Donkey</texPath>
					<drawSize>1.00</drawSize>
					<shadowData>
            <volume>(0.2, 0.1, 0.2)</volume>
            <offset>(0,0,-0.2)</offset>
          </shadowData>
        </bodyGraphicData>
        <dessicatedBodyGraphicData>
          <texPath>Things/Pawn/Animal/Cow/Dessicated_Cow</texPath>
          <drawSize>1.00</drawSize>
        </dessicatedBodyGraphicData>
      </li>
			<li>
        <bodyGraphicData>
          <texPath>Things/Pawn/Animal/Donkey/Donkey</texPath>
          <drawSize>1.5</drawSize>
          <shadowData>
            <volume>(0.3, 0.3, 0.3)</volume>
            <offset>(0,0,-0.3)</offset>
          </shadowData>
        </bodyGraphicData>
        <dessicatedBodyGraphicData>
          <texPath>Things/Pawn/Animal/Cow/Dessicated_Cow</texPath>
          <drawSize>1.75</drawSize>
        </dessicatedBodyGraphicData>
      </li>
      <li>
        <bodyGraphicData>
          <texPath>Things/Pawn/Animal/Donkey/Donkey</texPath>
          <drawSize>2.5</drawSize>
          <shadowData>
            <volume>(0.4, 0.4, 0.4)</volume>
            <offset>(0,0,-0.2)</offset>
          </shadowData>
        </bodyGraphicData>
        <dessicatedBodyGraphicData>
          <texPath>Things/Pawn/Animal/Cow/Dessicated_Cow</texPath>
          <drawSize>2.5</drawSize>
        </dessicatedBodyGraphicData>
      </li>
    </lifeStages>
  </PawnKindDef>
  
  <!-- Black Donkey Def -->
   
  <ThingDef ParentName="BaseDonkey_Westerado">
    <defName>BlackDonkey_Westerado</defName>
    <label>black donkey</label>
    <description>A strong, fast donkey. Makes a formidable foe in combat and an excellent companion on the range.</description>
    <statBases>
      <MoveSpeed>8</MoveSpeed>
      <ComfyTemperatureMin>-25</ComfyTemperatureMin>
      <MarketValue>450</MarketValue>
    </statBases>
		<race>
      <baseHungerRate>0.04</baseHungerRate>
			<wildBiomes>
				<TropicalRainforest>0.02</TropicalRainforest>
				<TemperateForest>0.09</TemperateForest>
				<BorealForest>0.09</BorealForest>
				<Desert>0.05</Desert>
				<AridShrubland>0.07</AridShrubland>
				<Tundra>0.02</Tundra>
				<ColdBog>0.02</ColdBog>
      </wildBiomes>
		</race>
    <tools>
			<li>
        <capacities>
          <li>Bite</li>
        </capacities>
        <power>10</power>
        <cooldownTime>2.6</cooldownTime>
        <linkedBodyPartsGroup>Teeth</linkedBodyPartsGroup>
        <chanceFactor>0.8</chanceFactor>
      </li>
      <li>
        <label>head</label>
        <capacities>
          <li>Blunt</li>
        </capacities>
        <power>7</power>
        <cooldownTime>2</cooldownTime>
        <linkedBodyPartsGroup>HeadAttackTool</linkedBodyPartsGroup>
        <ensureLinkedBodyPartsGroupAlwaysUsable>true</ensureLinkedBodyPartsGroupAlwaysUsable>
        <chanceFactor>0.2</chanceFactor>
      </li>
      <li>
        <label>left hoof</label>
        <capacities>
          <li>Blunt</li>
          <li>Poke</li>
        </capacities>
        <power>16</power>
        <cooldownTime>2</cooldownTime>
        <linkedBodyPartsGroup>FrontLeftLeg</linkedBodyPartsGroup>
      </li>
      <li>
        <label>right hoof</label>
        <capacities>
          <li>Blunt</li>
          <li>Poke</li>
        </capacities>
        <power>16</power>
        <cooldownTime>2</cooldownTime>
        <linkedBodyPartsGroup>FrontRightLeg</linkedBodyPartsGroup>
      </li>
    </tools>
  </ThingDef>
	<PawnKindDef ParentName="DonkeyKindBase_Westerado">
    <defName>BlackDonkey_Westerado</defName>
    <label>black donkey</label>
    <race>BlackDonkey_Westerado</race>
    <combatPower>85</combatPower>
		<ecoSystemWeight>0.15</ecoSystemWeight>
    <wildGroupSize>
      <min>2</min>
      <max>5</max>
    </wildGroupSize>
    <labelFemale>black jenny</labelFemale>
    <lifeStages>
      <li>
	    <label>black donkey foal</label>
        <labelPlural>black donkey foals</labelPlural>
        <bodyGraphicData>
          <texPath>Things/Pawn/Animal/Donkey/DonkeyBlack</texPath>
          <drawSize>1.00</drawSize>
		  <shadowData>
            <volume>(0.2, 0.1, 0.2)</volume>
            <offset>(0,0,-0.2)</offset>
          </shadowData>
        </bodyGraphicData>
        <dessicatedBodyGraphicData>
          <texPath>Things/Pawn/Animal/Cow/Dessicated_Cow</texPath>
          <drawSize>1.00</drawSize>
        </dessicatedBodyGraphicData>
      </li>
	  <li>
        <bodyGraphicData>
          <texPath>Things/Pawn/Animal/Donkey/DonkeyBlack</texPath>
          <drawSize>1.5</drawSize>
          <shadowData>
            <volume>(0.3, 0.3, 0.3)</volume>
            <offset>(0,0,-0.3)</offset>
          </shadowData>
        </bodyGraphicData>
        <dessicatedBodyGraphicData>
          <texPath>Things/Pawn/Animal/Cow/Dessicated_Cow</texPath>
          <drawSize>1.75</drawSize>
        </dessicatedBodyGraphicData>
      </li>
      <li>
        <bodyGraphicData>
          <texPath>Things/Pawn/Animal/Donkey/DonkeyBlack</texPath>
          <drawSize>2.5</drawSize>
          <shadowData>
            <volume>(0.4, 0.4, 0.4)</volume>
            <offset>(0,0,-0.2)</offset>
          </shadowData>
        </bodyGraphicData>
        <dessicatedBodyGraphicData>
          <texPath>Things/Pawn/Animal/Cow/Dessicated_Cow</texPath>
          <drawSize>2.5</drawSize>
        </dessicatedBodyGraphicData>
      </li>
    </lifeStages>
  </PawnKindDef>
  
	<!-- Grey Donkey Def-->

	<ThingDef ParentName="BaseDonkey_Westerado">
    <defName>GreyDonkey_Westerado</defName>
    <label>grey donkey</label>
    <description>The fastest donkey in the rim. Valued for its quick nature and its beautiful looks. Also quite gluttunous.</description>
    <statBases>
      <MoveSpeed>9</MoveSpeed>
      <ComfyTemperatureMin>-25</ComfyTemperatureMin>
      <MarketValue>500</MarketValue>
    </statBases>
		<race>
      <baseHungerRate>0.12</baseHungerRate>
	  	 <wildBiomes>
				<TropicalRainforest>0.02</TropicalRainforest>
				<TemperateForest>0.09</TemperateForest>
				<BorealForest>0.09</BorealForest>
				<Desert>0.05</Desert>
				<AridShrubland>0.07</AridShrubland>
				<Tundra>0.02</Tundra>
				<ColdBog>0.02</ColdBog>
      </wildBiomes>
		</race>
    <tools>
			<li>
        <capacities>
          <li>Bite</li>
        </capacities>
        <power>9</power>
        <cooldownTime>2.6</cooldownTime>
        <linkedBodyPartsGroup>Teeth</linkedBodyPartsGroup>
        <chanceFactor>0.8</chanceFactor>
      </li>
      <li>
        <label>head</label>
        <capacities>
          <li>Blunt</li>
        </capacities>
        <power>6.5</power>
        <cooldownTime>2</cooldownTime>
        <linkedBodyPartsGroup>HeadAttackTool</linkedBodyPartsGroup>
        <ensureLinkedBodyPartsGroupAlwaysUsable>true</ensureLinkedBodyPartsGroupAlwaysUsable>
        <chanceFactor>0.2</chanceFactor>
      </li>
      <li>
        <label>left hoof</label>
        <capacities>
          <li>Blunt</li>
          <li>Poke</li>
        </capacities>
        <power>13</power>
        <cooldownTime>2</cooldownTime>
        <linkedBodyPartsGroup>FrontLeftLeg</linkedBodyPartsGroup>
      </li>
      <li>
        <label>right hoof</label>
        <capacities>
          <li>Blunt</li>
          <li>Poke</li>
        </capacities>
        <power>13</power>
        <cooldownTime>2</cooldownTime>
        <linkedBodyPartsGroup>FrontRightLeg</linkedBodyPartsGroup>
      </li>
   </tools>
  </ThingDef>
  <PawnKindDef ParentName="DonkeyKindBase_Westerado">
    <defName>GreyDonkey_Westerado</defName>
    <label>grey donkey</label>
    <race>GreyDonkey_Westerado</race>
    <labelFemale>grey jenny</labelFemale>
		<ecoSystemWeight>0.10</ecoSystemWeight>
	    <wildGroupSize>
      <min>2</min>
      <max>5</max>
    </wildGroupSize>
    <lifeStages>
      <li>
	    <label>grey donkey foal</label>
        <labelPlural>grey donkey foals</labelPlural>
        <bodyGraphicData>
          <texPath>Things/Pawn/Animal/Donkey/DonkeyGrey</texPath>
          <drawSize>1.00</drawSize>
					<shadowData>
            <volume>(0.2, 0.1, 0.2)</volume>
            <offset>(0,0,-0.2)</offset>
          </shadowData>
        </bodyGraphicData>
        <dessicatedBodyGraphicData>
          <texPath>Things/Pawn/Animal/Cow/Dessicated_Cow</texPath>
          <drawSize>1.00</drawSize>
        </dessicatedBodyGraphicData>
      </li>
	  <li>
        <bodyGraphicData>
          <texPath>Things/Pawn/Animal/Donkey/DonkeyGrey</texPath>
          <drawSize>1.5</drawSize>
          <shadowData>
            <volume>(0.3, 0.3, 0.3)</volume>
            <offset>(0,0,-0.3)</offset>
          </shadowData>
        </bodyGraphicData>
        <dessicatedBodyGraphicData>
          <texPath>Things/Pawn/Animal/Cow/Dessicated_Cow</texPath>
          <drawSize>1.75</drawSize>
        </dessicatedBodyGraphicData>
      </li>
      <li>
        <bodyGraphicData>
          <texPath>Things/Pawn/Animal/Donkey/DonkeyGrey</texPath>
          <drawSize>2.5</drawSize>
          <shadowData>
            <volume>(0.4, 0.4, 0.4)</volume>
            <offset>(0,0,-0.2)</offset>
          </shadowData>
        </bodyGraphicData>
        <dessicatedBodyGraphicData>
          <texPath>Things/Pawn/Animal/Cow/Dessicated_Cow</texPath>
          <drawSize>2.5</drawSize>
        </dessicatedBodyGraphicData>
      </li>
    </lifeStages>
  </PawnKindDef>
	
	<!-- ========================== Gila Monster ================================= -->
	
	<ThingDef ParentName="AnimalThingBase">
    <defName>GilaMonster_Westerado</defName>
    <label>gila monster</label>
    <description>These medium-sized lizards feed on smaller animals. \n\nDon't let Gila Monsters fool you; their sluggish nature hides quite a dangerous bite.</description>
    <statBases>
      <MoveSpeed>0.65</MoveSpeed>
      <MarketValue>150</MarketValue>
      <ComfyTemperatureMin>10</ComfyTemperatureMin>
      <ComfyTemperatureMax>65</ComfyTemperatureMax>
    </statBases>
    <tools>
      <li>
        <label>left claw</label>
        <capacities>
          <li>Scratch</li>
        </capacities>
        <power>9</power>
        <cooldownTime>2</cooldownTime>
        <linkedBodyPartsGroup>FrontLeftClaws</linkedBodyPartsGroup>
      </li>
      <li>
        <label>right claw</label>
        <capacities>
          <li>Scratch</li>
        </capacities>
        <power>9</power>
        <cooldownTime>2</cooldownTime>
        <linkedBodyPartsGroup>FrontRightClaws</linkedBodyPartsGroup>
      </li>
			<li>
        <label>bite</label>
        <capacities>
          <li>GilaMonsterVenomBite_Westerado</li>
        </capacities>
        <power>14</power>
        <cooldownTime>2.6</cooldownTime>
        <linkedBodyPartsGroup>Teeth</linkedBodyPartsGroup>
				<chanceFactor>0.85</chanceFactor>
      </li>
      <li>
        <label>head</label>
        <capacities>
          <li>Blunt</li>
        </capacities>
        <power>4</power>
        <cooldownTime>2</cooldownTime>
        <linkedBodyPartsGroup>HeadAttackTool</linkedBodyPartsGroup>
        <ensureLinkedBodyPartsGroupAlwaysUsable>true</ensureLinkedBodyPartsGroupAlwaysUsable>
        <chanceFactor>0.15</chanceFactor>
      </li>
    </tools>
    <comps>
      <li Class="CompProperties_EggLayer">
        <eggFertilizedDef>EggGilaMonsterFertilized_Westerado</eggFertilizedDef>
        <eggFertilizationCountMax>1</eggFertilizationCountMax>
        <eggLayIntervalDays>36</eggLayIntervalDays>
        <eggProgressUnfertilizedMax>0.5</eggProgressUnfertilizedMax>
        <eggCountRange>
          <min>2</min>
          <max>8</max>
        </eggCountRange>
      </li>
    </comps>
    <race>
			<body>QuadrupedAnimalWithClawsTailAndJowl</body>
			<predator>true</predator>
      <maxPreyBodySize>0.25</maxPreyBodySize>
			<baseBodySize>0.15</baseBodySize>
      <baseHealthScale>0.6</baseHealthScale>
			<baseHungerRate>0.06</baseHungerRate>
			<foodType>CarnivoreAnimal, OvivoreAnimal</foodType>
      <leatherDef>Leather_GilaMonster_Westerado</leatherDef>
      <wildness>0.75</wildness>
      <trainability>Simple</trainability>
      <petness>0.10</petness>
      <lifeExpectancy>25</lifeExpectancy>
      <lifeStageAges>
        <li>
          <def>AnimalBaby</def>
          <minAge>0</minAge>
        </li>
        <li>
          <def>AnimalJuvenile</def>
          <minAge>0.14</minAge>
        </li>
        <li>
          <def>AnimalAdult</def>
          <minAge>0.33</minAge>
          <soundWounded>Pawn_Iguana_Wounded</soundWounded>
          <soundDeath>Pawn_Iguana_Death</soundDeath>
          <soundCall>Pawn_Iguana_Call</soundCall>
          <soundAngry>Pawn_Iguana_Angry</soundAngry>
        </li>
      </lifeStageAges>
      <soundMeleeHitPawn>Pawn_Melee_SmallScratch_HitPawn</soundMeleeHitPawn>
      <soundMeleeHitBuilding>Pawn_Melee_SmallScratch_HitBuilding</soundMeleeHitBuilding>
      <soundMeleeMiss>Pawn_Melee_SmallScratch_Miss</soundMeleeMiss>
    </race>
    <tradeTags>
      <li>AnimalUncommon</li>
    </tradeTags>
  </ThingDef>
  <PawnKindDef ParentName="AnimalKindBase">
    <defName>GilaMonster_Westerado</defName>
    <label>gila monster</label>
    <race>GilaMonster_Westerado</race>
    <combatPower>45</combatPower>
    <ecoSystemWeight>0.20</ecoSystemWeight>
    <lifeStages>
      <li>
        <bodyGraphicData>
          <texPath>Things/Pawn/Animal/GilaMonster/GilaMonster</texPath>
          <drawSize>0.75</drawSize>
        </bodyGraphicData>
        <dessicatedBodyGraphicData>
          <texPath>Things/Pawn/Animal/Iguana/Dessicated_Iguana</texPath>
          <drawSize>0.75</drawSize>
        </dessicatedBodyGraphicData>
      </li>
      <li>
        <bodyGraphicData>
          <texPath>Things/Pawn/Animal/GilaMonster/GilaMonster</texPath>
          <drawSize>1.0</drawSize>
        </bodyGraphicData>
        <dessicatedBodyGraphicData>
          <texPath>Things/Pawn/Animal/Iguana/Dessicated_Iguana</texPath>
          <drawSize>1.0</drawSize>
        </dessicatedBodyGraphicData>
      </li>
      <li>
        <bodyGraphicData>
          <texPath>Things/Pawn/Animal/GilaMonster/GilaMonster</texPath>
          <drawSize>1.25</drawSize>
          <shadowData>
            <volume>(0.25, 0.3, 0.25)</volume>
            <offset>(0,0,0)</offset>
          </shadowData>
        </bodyGraphicData>
        <dessicatedBodyGraphicData>
          <texPath>Things/Pawn/Animal/Iguana/Dessicated_Iguana</texPath>
          <drawSize>1.25</drawSize>
        </dessicatedBodyGraphicData>
      </li>
    </lifeStages>
  </PawnKindDef>

	<!-- ========================== Moose ================================= -->

	<ThingDef ParentName="AnimalThingBase">
    <defName>Moose_Westerado</defName>
    <label>moose</label>
    <description>A very large member of the deer family, well-adapted to life in cold climates. Domesticated moose can be milked, but refuse to carry packs.</description>
    <statBases>
      <MoveSpeed>4.5</MoveSpeed>
      <MarketValue>450</MarketValue>
      <ComfyTemperatureMin>-50</ComfyTemperatureMin>
    </statBases>
    <comps>
      <li Class="CompProperties_Milkable">
        <milkDef>Milk</milkDef>
        <milkIntervalDays>3</milkIntervalDays>
        <milkAmount>12</milkAmount>
      </li>
    </comps>
    <tools>
			<li>
        <label>antlers</label>
        <capacities>
          <li>Scratch</li>
        </capacities>
        <power>19</power>
        <cooldownTime>2.25</cooldownTime>
        <linkedBodyPartsGroup>HornAttackTool</linkedBodyPartsGroup>
      </li>
      <li>
        <label>left hoof</label>
        <capacities>
          <li>Blunt</li>
          <li>Poke</li>
        </capacities>
        <power>12</power>
        <cooldownTime>2</cooldownTime>
        <linkedBodyPartsGroup>FrontLeftLeg</linkedBodyPartsGroup>
      </li>
      <li>
        <label>right hoof</label>
        <capacities>
          <li>Blunt</li>
          <li>Poke</li>
        </capacities>
        <power>12</power>
        <cooldownTime>2</cooldownTime>
        <linkedBodyPartsGroup>FrontRightLeg</linkedBodyPartsGroup>
      </li>
      <li>
        <capacities>
          <li>Bite</li>
        </capacities>
        <power>10</power>
        <cooldownTime>2</cooldownTime>
        <linkedBodyPartsGroup>Teeth</linkedBodyPartsGroup>
        <chanceFactor>0.5</chanceFactor>
      </li>
      <li>
        <label>head</label>
        <capacities>
          <li>Blunt</li>
        </capacities>
        <power>15</power>
        <cooldownTime>2.6</cooldownTime>
        <linkedBodyPartsGroup>HeadAttackTool</linkedBodyPartsGroup>
        <ensureLinkedBodyPartsGroupAlwaysUsable>true</ensureLinkedBodyPartsGroupAlwaysUsable>
      </li>
    </tools>
    <race>
      <body>QuadrupedAnimalWithHoovesAndHorns_Westerado</body>
      <herdAnimal>true</herdAnimal>
      <baseBodySize>2.8</baseBodySize>
      <baseHungerRate>0.90</baseHungerRate>
      <baseHealthScale>2.4</baseHealthScale>
      <foodType>VegetarianRoughAnimal</foodType>
      <leatherDef>Leather_Plain</leatherDef>
      <wildness>0.80</wildness>
      <gestationPeriodDays>25</gestationPeriodDays>
      <lifeExpectancy>25</lifeExpectancy>
      <lifeStageAges>
        <li>
          <def>AnimalBaby</def>
          <minAge>0</minAge>
        </li>
        <li>
          <def>AnimalJuvenile</def>
          <minAge>0.2</minAge>
        </li>
        <li>
          <def>AnimalAdult</def>
          <minAge>0.6</minAge>
          <soundWounded>Pawn_Elk_Wounded</soundWounded>
          <soundDeath>Pawn_Elk_Death</soundDeath>
          <soundCall>Pawn_Elk_Call</soundCall>
          <soundAngry>Pawn_Elk_Angry</soundAngry>
        </li>
      </lifeStageAges>
      <soundMeleeHitPawn>Pawn_Melee_BigBash_HitPawn</soundMeleeHitPawn>
      <soundMeleeHitBuilding>Pawn_Melee_BigBash_HitBuilding</soundMeleeHitBuilding>
      <soundMeleeMiss>Pawn_Melee_BigBash_Miss</soundMeleeMiss>
    </race>
    <tradeTags>
      <li>AnimalCommon</li>
      <li>AnimalFarm</li>
    </tradeTags>
  </ThingDef>
  <PawnKindDef ParentName="AnimalKindBase">
    <defName>Moose_Westerado</defName>
    <label>moose</label>
    <labelPlural>moose</labelPlural>
    <race>Moose_Westerado</race>
    <combatPower>170</combatPower>
    <ecoSystemWeight>0.7</ecoSystemWeight>
    <wildGroupSize>
      <min>1</min>
      <max>5</max>
    </wildGroupSize>
    <lifeStages>
      <li>
        <label>moose calf</label>
        <labelPlural>moose calves</labelPlural>
        <bodyGraphicData>
          <texPath>Things/Pawn/Animal/Moose/MooseFemale</texPath>
          <drawSize>0.8</drawSize>
        </bodyGraphicData>
        <dessicatedBodyGraphicData>
          <texPath>Things/Pawn/Animal/Elk/Dessicated_ElkFemale</texPath>
          <drawSize>0.8</drawSize>
        </dessicatedBodyGraphicData>
      </li>
      <li>
        <bodyGraphicData>
          <texPath>Things/Pawn/Animal/Moose/MooseMale</texPath>
          <drawSize>1.90</drawSize>
          <shadowData>
            <volume>(0.375, 0.375, 0.375)</volume>
            <offset>(0,0,-0.3)</offset>
          </shadowData>
        </bodyGraphicData>
        <femaleGraphicData>
          <texPath>Things/Pawn/Animal/Moose/MooseFemale</texPath>
          <drawSize>1.80</drawSize>
          <shadowData>
            <volume>(0.375, 0.375, 0.375)</volume>
            <offset>(0,0,-0.3)</offset>
          </shadowData>
        </femaleGraphicData>
        <dessicatedBodyGraphicData>
          <texPath>Things/Pawn/Animal/Elk/Dessicated_ElkMale</texPath>
          <drawSize>2.4</drawSize>
        </dessicatedBodyGraphicData>
        <femaleDessicatedBodyGraphicData>
          <texPath>Things/Pawn/Animal/Elk/Dessicated_ElkFemale</texPath>
          <drawSize>2.3</drawSize>
        </femaleDessicatedBodyGraphicData>
      </li>
      <li>
        <bodyGraphicData>
          <texPath>Things/Pawn/Animal/Moose/MooseMale</texPath>
          <drawSize>2.7</drawSize>
          <shadowData>
            <volume>(0.5, 0.5, 0.5)</volume>
            <offset>(0,0,-0.3)</offset>
          </shadowData>
        </bodyGraphicData>
        <femaleGraphicData>
          <texPath>Things/Pawn/Animal/Moose/MooseFemale</texPath>
          <drawSize>2.45</drawSize>
          <shadowData>
            <volume>(0.5, 0.5, 0.5)</volume>
            <offset>(0,0,-0.3)</offset>
          </shadowData>
        </femaleGraphicData>
        <dessicatedBodyGraphicData>
          <texPath>Things/Pawn/Animal/Elk/Dessicated_ElkMale</texPath>
          <drawSize>3.2</drawSize>
        </dessicatedBodyGraphicData>
        <femaleDessicatedBodyGraphicData>
          <texPath>Things/Pawn/Animal/Elk/Dessicated_ElkFemale</texPath>
          <drawSize>2.95</drawSize>
        </femaleDessicatedBodyGraphicData>
				<butcherBodyPart>
					<bodyPartGroup>HornAttackTool</bodyPartGroup>
					<thing>MooseAntler_Westerado</thing>
					<allowFemale>false</allowFemale>
				</butcherBodyPart>
      </li>
    </lifeStages>
  </PawnKindDef>
	
	<!-- ========================== Bison ================================= -->
	
  <ThingDef ParentName="AnimalThingBase">
    <defName>Bison_Westerado</defName>
    <label>bison</label>
    <description>A large-sized herding herbivore. Generally peaceful unless disturbed.</description>
    <statBases>
      <MoveSpeed>4.74</MoveSpeed>
      <MarketValue>650</MarketValue>
      <ComfyTemperatureMin>-30</ComfyTemperatureMin>
    </statBases>
    <tools>
      <li>
        <label>horns</label>
        <capacities>
          <li>Scratch</li>
        </capacities>
        <power>17</power>
        <cooldownTime>2</cooldownTime>
        <linkedBodyPartsGroup>HornAttackTool</linkedBodyPartsGroup>
      </li>
      <li>
        <label>horns</label>
        <capacities>
          <li>Blunt</li>
        </capacities>
        <power>17</power>
        <cooldownTime>2</cooldownTime>
        <linkedBodyPartsGroup>HornAttackTool</linkedBodyPartsGroup>
      </li>
      <li>
        <capacities>
          <li>Bite</li>
        </capacities>
        <power>15</power>
        <cooldownTime>2.6</cooldownTime>
        <linkedBodyPartsGroup>Teeth</linkedBodyPartsGroup>
        <chanceFactor>0.5</chanceFactor>
      </li>
      <li>
        <label>head</label>
        <capacities>
          <li>Blunt</li>
        </capacities>
        <power>16</power>
        <cooldownTime>2</cooldownTime>
        <linkedBodyPartsGroup>HeadAttackTool</linkedBodyPartsGroup>
        <ensureLinkedBodyPartsGroupAlwaysUsable>true</ensureLinkedBodyPartsGroupAlwaysUsable>
        <chanceFactor>0.6</chanceFactor>
      </li>
    </tools>
    <race>
      <body>QuadrupedAnimalWithHoovesAndHorns_Westerado</body>
      <baseHungerRate>1.5</baseHungerRate>
      <baseBodySize>2.0</baseBodySize>
      <baseHealthScale>3.5</baseHealthScale>
      <foodType>VegetarianRoughAnimal</foodType>
      <leatherDef>Leather_Bison_Westerado</leatherDef>
      <wildness>0.85</wildness>
      <manhunterOnTameFailChance>0.05</manhunterOnTameFailChance>
      <manhunterOnDamageChance>0.20</manhunterOnDamageChance>
      <gestationPeriodDays>22.5</gestationPeriodDays>
      <nameOnTameChance>1</nameOnTameChance>
      <lifeExpectancy>45</lifeExpectancy>
      <herdAnimal>true</herdAnimal>
      <lifeStageAges>
        <li>
          <def>AnimalBaby</def>
          <minAge>0</minAge>
        </li>
        <li>
          <def>AnimalJuvenile</def>
          <minAge>0.3</minAge>
        </li>
        <li>
          <def>AnimalAdult</def>
          <minAge>1.0</minAge>
          <soundWounded>Pawn_Elk_Wounded</soundWounded>
          <soundDeath>Pawn_Elk_Death</soundDeath>
          <soundCall>Pawn_Elk_Call</soundCall>
          <soundAngry>Pawn_Elk_Angry</soundAngry>
        </li>
      </lifeStageAges>
      <soundMeleeHitPawn>Pawn_Melee_BigBash_HitPawn</soundMeleeHitPawn>
      <soundMeleeHitBuilding>Pawn_Melee_BigBash_HitBuilding</soundMeleeHitBuilding>
      <soundMeleeMiss>Pawn_Melee_BigBash_Miss</soundMeleeMiss>
    </race>
    <tradeTags>
      <li>AnimalUncommon</li>
    </tradeTags>
  </ThingDef>
  <PawnKindDef ParentName="AnimalKindBase">
    <defName>Bison_Westerado</defName>
    <label>bison</label>
    <labelPlural>bisons</labelPlural>
    <race>Bison_Westerado</race>
    <combatPower>220</combatPower>
    <ecoSystemWeight>0.7</ecoSystemWeight>
    <wildGroupSize>
      <min>3</min>
      <max>9</max>
    </wildGroupSize>
		<labelMale>bison bull</labelMale>
    <labelFemale>bison cow</labelFemale>
    <lifeStages>
      <li>
        <label>bison calf</label>
        <labelPlural>bison calves</labelPlural>
        <bodyGraphicData>
          <texPath>Things/Pawn/Animal/Bison/Bisoncalf</texPath>
          <drawSize>1.0</drawSize>
        </bodyGraphicData>
        <dessicatedBodyGraphicData>
          <texPath>Things/Pawn/Animal/Muffalo/Dessicated_Muffalo</texPath>
          <drawSize>1.0</drawSize>
        </dessicatedBodyGraphicData>
      </li>
      <li>
        <bodyGraphicData>
          <texPath>Things/Pawn/Animal/Bison/Bison</texPath>
          <drawSize>2.30</drawSize>
          <shadowData>
            <volume>(0.375, 0.375, 0.375)</volume>
            <offset>(0,0,-0.3)</offset>
          </shadowData>
        </bodyGraphicData>
        <femaleGraphicData>
          <texPath>Things/Pawn/Animal/Bison/Bison</texPath>
          <drawSize>2.20</drawSize>
          <shadowData>
            <volume>(0.375, 0.375, 0.375)</volume>
            <offset>(0,0,-0.3)</offset>
          </shadowData>
        </femaleGraphicData>
        <dessicatedBodyGraphicData>
          <texPath>Things/Pawn/Animal/Muffalo/Dessicated_Muffalo</texPath>
          <drawSize>2.1</drawSize>
        </dessicatedBodyGraphicData>
      </li>
      <li>
        <bodyGraphicData>
          <texPath>Things/Pawn/Animal/Bison/Bison</texPath>
          <drawSize>3.2</drawSize>
          <shadowData>
            <volume>(0.5, 0.5, 0.5)</volume>
            <offset>(0,0,-0.3)</offset>
          </shadowData>
        </bodyGraphicData>
        <femaleGraphicData>
          <texPath>Things/Pawn/Animal/Bison/Bison</texPath>
          <drawSize>2.95</drawSize>
          <shadowData>
            <volume>(0.5, 0.5, 0.5)</volume>
            <offset>(0,0,-0.3)</offset>
          </shadowData>
        </femaleGraphicData>
        <dessicatedBodyGraphicData>
          <texPath>Things/Pawn/Animal/Muffalo/Dessicated_Muffalo</texPath>
          <drawSize>2.5</drawSize>
        </dessicatedBodyGraphicData>
				<butcherBodyPart>
					<bodyPartGroup>HornAttackTool</bodyPartGroup>
					<thing>BisonHorn_Westerado</thing>
					<allowFemale>true</allowFemale>
				</butcherBodyPart>
      </li>
    </lifeStages>
  </PawnKindDef>
	
	<!-- ========================== Coyote ================================= -->

	<ThingDef ParentName="AnimalThingBase">
    <defName>Coyote_Westerado</defName>
    <label>coyote</label>
    <description>Small wolf-like creatures that hunt in packs. If disturbed in the wild, they are very likely to attack.</description>
    <statBases>
      <MoveSpeed>5.0</MoveSpeed>
      <MarketValue>450</MarketValue>
      <ComfyTemperatureMin>-40</ComfyTemperatureMin>
    </statBases>
    <tools>
      <li>
        <label>left claw</label>
        <capacities>
          <li>Scratch</li>
        </capacities>
        <power>9.5</power>
        <cooldownTime>2</cooldownTime>
        <linkedBodyPartsGroup>FrontLeftPaw</linkedBodyPartsGroup>
        <surpriseAttack>
          <extraMeleeDamages>
            <li>
              <def>Stun</def>
              <amount>14</amount>
            </li>
          </extraMeleeDamages>
        </surpriseAttack>
				<chanceFactor>0.5</chanceFactor>
      </li>
      <li>
        <label>right claw</label>
        <capacities>
          <li>Scratch</li>
        </capacities>
        <power>9.5</power>
        <cooldownTime>2</cooldownTime>
        <linkedBodyPartsGroup>FrontRightPaw</linkedBodyPartsGroup>
        <surpriseAttack>
          <extraMeleeDamages>
            <li>
              <def>Stun</def>
              <amount>14</amount>
            </li>
          </extraMeleeDamages>
        </surpriseAttack>
				<chanceFactor>0.5</chanceFactor>
      </li>
      <li>
        <label>bite</label>
        <capacities>
          <li>Bite</li>
        </capacities>
        <power>11</power>
        <cooldownTime>2</cooldownTime>
        <linkedBodyPartsGroup>Teeth</linkedBodyPartsGroup>
        <chanceFactor>0.9</chanceFactor>
        <surpriseAttack>
          <extraMeleeDamages>
            <li>
              <def>Stun</def>
              <amount>14</amount>
            </li>
          </extraMeleeDamages>
        </surpriseAttack>
      </li>
      <li>
        <label>head</label>
        <capacities>
          <li>Blunt</li>
        </capacities>
        <power>4</power>
        <cooldownTime>2</cooldownTime>
        <linkedBodyPartsGroup>HeadAttackTool</linkedBodyPartsGroup>
        <ensureLinkedBodyPartsGroupAlwaysUsable>true</ensureLinkedBodyPartsGroupAlwaysUsable>
        <chanceFactor>0.2</chanceFactor>
      </li>
    </tools>
    <race>
      <body>QuadrupedAnimalWithPawsAndTail</body>
      <predator>true</predator>
      <maxPreyBodySize>0.9</maxPreyBodySize>
      <petness>0.1</petness>
      <baseBodySize>0.70</baseBodySize>
      <baseHungerRate>0.17</baseHungerRate>
      <baseHealthScale>0.9</baseHealthScale>
      <foodType>CarnivoreAnimal</foodType>
      <leatherDef>Leather_Coyote_Westerado</leatherDef>
      <gestationPeriodDays>22</gestationPeriodDays>
      <nameOnTameChance>1</nameOnTameChance>
      <trainability>Advanced</trainability>
      <wildness>0.75</wildness>
      <manhunterOnTameFailChance>0.15</manhunterOnTameFailChance>
      <manhunterOnDamageChance>0.20</manhunterOnDamageChance>
      <litterSizeCurve>
        <points>
          <li>(0.5, 0)</li>
          <li>(1, 1)</li>
          <li>(2, 1.7)</li>
          <li>(2.5, 0.7)</li>
          <li>(3, 0)</li>
        </points>
      </litterSizeCurve>
      <lifeExpectancy>14</lifeExpectancy>
      <lifeStageAges>
        <li>
          <def>AnimalBaby</def>
          <minAge>0</minAge>
        </li>
        <li>
          <def>AnimalJuvenile</def>
          <minAge>0.2</minAge>
        </li>
        <li>
          <def>AnimalAdult</def>
          <minAge>0.40</minAge>
          <soundWounded>Pawn_Dog_Injured</soundWounded>
          <soundDeath>Pawn_Dog_Death</soundDeath>
          <soundCall>Pawn_Dog_Call</soundCall>
          <soundAngry>Pawn_Dog_Angry</soundAngry>
        </li>
      </lifeStageAges>
      <soundMeleeHitPawn>Pawn_Melee_SmallScratch_HitPawn</soundMeleeHitPawn>
      <soundMeleeHitBuilding>Pawn_Melee_SmallScratch_HitBuilding</soundMeleeHitBuilding>
      <soundMeleeMiss>Pawn_Melee_SmallScratch_Miss</soundMeleeMiss>
    </race>
    <tradeTags>
      <li>AnimalCommon</li>
    </tradeTags>
  </ThingDef>
  <PawnKindDef ParentName="AnimalKindBase">
    <defName>Coyote_Westerado</defName>
    <label>coyote</label>
    <race>Coyote_Westerado</race>
    <combatPower>55</combatPower>
    <ecoSystemWeight>0.45</ecoSystemWeight>
		<wildGroupSize>
      <min>1</min>
      <max>4</max>
    </wildGroupSize>
    <lifeStages>
      <li>
        <label>coyote puppy</label>
        <labelPlural>coyote puppies</labelPlural>
        <bodyGraphicData>
          <texPath>Things/Pawn/Animal/Coyote/Coyote</texPath>
          <drawSize>1.05</drawSize>
        </bodyGraphicData>
        <dessicatedBodyGraphicData>
          <texPath>Things/Pawn/Animal/Fox_Red/Dessicated_Fox_Red</texPath>
          <drawSize>1.05</drawSize>
        </dessicatedBodyGraphicData>
      </li>
      <li>
        <bodyGraphicData>
          <texPath>Things/Pawn/Animal/Coyote/Coyote</texPath>
          <drawSize>1.5</drawSize>
          <shadowData>
            <volume>(0.25, 0.3, 0.25)</volume>
            <offset>(0,0,-0.15)</offset>
          </shadowData>
        </bodyGraphicData>
        <dessicatedBodyGraphicData>
          <texPath>Things/Pawn/Animal/Fox_Red/Dessicated_Fox_Red</texPath>
          <drawSize>1.5</drawSize>
        </dessicatedBodyGraphicData>
      </li>
      <li>
        <bodyGraphicData>
          <texPath>Things/Pawn/Animal/Coyote/Coyote</texPath>
          <drawSize>1.7</drawSize>
          <shadowData>
            <volume>(0.3, 0.4, 0.3)</volume>
            <offset>(0,0,-0.15)</offset>
          </shadowData>
        </bodyGraphicData>
        <dessicatedBodyGraphicData>
          <texPath>Things/Pawn/Animal/Fox_Red/Dessicated_Fox_Red</texPath>
          <drawSize>1.7</drawSize>
        </dessicatedBodyGraphicData>
      </li>
    </lifeStages>
  </PawnKindDef>

	
	<!-- ========================== Rattlesnake ================================= -->
	
	<ThingDef ParentName="AnimalThingBase">
    <defName>Rattlesnake_Westerado</defName>
    <label>rattlesnake</label>
    <description>A large predatory snake. Rattlesnakes can be highly aggressive if provoked, and their bite injects toxic venom into the victim.</description>
    <statBases>
      <MoveSpeed>4</MoveSpeed>
      <MarketValue>130</MarketValue>
      <ComfyTemperatureMin>0</ComfyTemperatureMin>
      <ComfyTemperatureMax>60</ComfyTemperatureMax>
    </statBases>
    <tools>
      <li>
        <label>venom-fangs</label>
        <capacities>
          <li>ToxicBite</li>
        </capacities>
        <power>14</power>
        <cooldownTime>2.2</cooldownTime>
        <linkedBodyPartsGroup>Mouth</linkedBodyPartsGroup>
        <surpriseAttack>
          <extraMeleeDamages>
            <li>
              <def>Stun</def>
              <amount>14</amount>
            </li>
          </extraMeleeDamages>
        </surpriseAttack>
      </li>
      <li>
        <label>head</label>
        <capacities>
          <li>Blunt</li>
        </capacities>
        <power>2</power>
        <cooldownTime>2</cooldownTime>
        <linkedBodyPartsGroup>HeadAttackTool</linkedBodyPartsGroup>
        <ensureLinkedBodyPartsGroupAlwaysUsable>true</ensureLinkedBodyPartsGroupAlwaysUsable>
        <chanceFactor>0.2</chanceFactor>
      </li>
    </tools>
    <comps>
      <li Class="CompProperties_EggLayer">
        <eggFertilizedDef>EggCobraFertilized</eggFertilizedDef>
        <eggFertilizationCountMax>1</eggFertilizationCountMax>
        <eggLayIntervalDays>20.0</eggLayIntervalDays>
        <eggProgressUnfertilizedMax>0.5</eggProgressUnfertilizedMax>
        <eggCountRange>
          <min>1</min>
          <max>2</max>
        </eggCountRange>
      </li>
    </comps>
    <race>
      <body>Snake</body>
      <predator>true</predator>
      <maxPreyBodySize>0.30</maxPreyBodySize>
      <baseBodySize>0.25</baseBodySize>
      <baseHungerRate>0.08</baseHungerRate>
      <baseHealthScale>0.5</baseHealthScale>
      <foodType>CarnivoreAnimal, OvivoreAnimal</foodType>
      <leatherDef>Leather_Lizard</leatherDef>
      <meatLabel>rattlesnakeflesh</meatLabel>
      <wildness>0.75</wildness>
      <petness>0.05</petness>
      <manhunterOnTameFailChance>0.10</manhunterOnTameFailChance>
      <manhunterOnDamageChance>0.10</manhunterOnDamageChance>
      <nameOnTameChance>1</nameOnTameChance>
      <lifeExpectancy>20</lifeExpectancy>
      <lifeStageAges>
        <li>
          <def>AnimalBaby</def>
          <minAge>0</minAge>
        </li>
        <li>
          <def>AnimalJuvenile</def>
          <minAge>0.15</minAge>
        </li>
        <li>
          <def>AnimalAdult</def>
          <minAge>0.5</minAge>
          <soundWounded>Pawn_Cobra_Wounded</soundWounded>
          <soundDeath>Pawn_Cobra_Death</soundDeath>
          <soundCall>Pawn_Cobra_Call</soundCall>
          <soundAngry>Pawn_Cobra_Angry</soundAngry>
        </li>
      </lifeStageAges>
      <soundMeleeHitPawn>Pawn_Melee_SmallScratch_HitPawn</soundMeleeHitPawn>
      <soundMeleeHitBuilding>Pawn_Melee_SmallScratch_HitBuilding</soundMeleeHitBuilding>
      <soundMeleeMiss>Pawn_Melee_SmallScratch_Miss</soundMeleeMiss>
    </race>
    <tradeTags>
      <li>AnimalUncommon</li>
      <li>AnimalFighter</li>
    </tradeTags>
  </ThingDef>
  <PawnKindDef ParentName="AnimalKindBase">
    <defName>Rattlesnake_Westerado</defName>
    <label>rattlesnake</label>
    <race>Rattlesnake_Westerado</race>
    <combatPower>65</combatPower>
    <ecoSystemWeight>0.25</ecoSystemWeight>
    <lifeStages>
      <li>
        <bodyGraphicData>
          <texPath>Things/Pawn/Animal/Rattlesnake/Rattlesnake</texPath>
          <drawSize>1</drawSize>
        </bodyGraphicData>
        <dessicatedBodyGraphicData>
          <texPath>Things/Pawn/Animal/Cobra/Dessicated_Cobra</texPath>
          <drawSize>1</drawSize>
        </dessicatedBodyGraphicData>
      </li>
      <li>
        <bodyGraphicData>
          <texPath>Things/Pawn/Animal/Rattlesnake/Rattlesnake</texPath>
          <drawSize>1.25</drawSize>
        </bodyGraphicData>
        <dessicatedBodyGraphicData>
          <texPath>Things/Pawn/Animal/Cobra/Dessicated_Cobra</texPath>
          <drawSize>1.25</drawSize>
        </dessicatedBodyGraphicData>
      </li>
      <li>
        <bodyGraphicData>
          <texPath>Things/Pawn/Animal/Rattlesnake/Rattlesnake</texPath>
          <drawSize>1.5</drawSize>
        </bodyGraphicData>
        <dessicatedBodyGraphicData>
          <texPath>Things/Pawn/Animal/Cobra/Dessicated_Cobra</texPath>
          <drawSize>1.5</drawSize>
        </dessicatedBodyGraphicData>
      </li>
    </lifeStages>
  </PawnKindDef>
 
</Defs>