﻿<?xml version="1.0" encoding="utf-8" ?>
<Defs>

	<ThingDef ParentName="MealBase">
    <defName>MealSausage_Westerado</defName>
    <label>sausage</label>
    <description>A mixture of pork protein, protected by a layer of skin.</description>
    <graphicData>
      <texPath>Things/Item/Meal/Sausage</texPath>
      <graphicClass>Graphic_Single</graphicClass>
    </graphicData>
    <statBases>
      <MarketValue>7</MarketValue>
      <Nutrition>0.72</Nutrition>
    </statBases>
    <ingestible>
      <preferability>MealSimple</preferability>
      <ingestEffect>EatVegetarian</ingestEffect>
      <ingestSound>Meal_Eat</ingestSound>
    </ingestible>
		<comps>
      <li Class="CompProperties_Rottable">
        <daysToRotStart>12</daysToRotStart>
        <rotDestroys>true</rotDestroys>
      </li>
    </comps>
		<tradeability>All</tradeability>
  </ThingDef>

  <ThingDef ParentName="OrganicProductBase">
    <defName>SmokedJerky_Westerado</defName>
    <label>smoked jerky</label>
    <description>A preserved mashed mixture of fat and plant food. Tastes bland, but not offensive. It lasts a very long time without refrigeration. Great for traveling.</description>
    <thingClass>ThingWithComps</thingClass>
    <thingCategories>
      <li>Foods</li>
    </thingCategories>
    <graphicData>
      <texPath>Things/Item/Meal/SmokedJerky</texPath>
      <graphicClass>Graphic_StackCount</graphicClass>
    </graphicData>
    <socialPropernessMatters>true</socialPropernessMatters>
    <statBases>
      <MarketValue>1.8</MarketValue>
      <Mass>0.016</Mass>
      <Flammability>0.75</Flammability>
      <WorkToMake>950</WorkToMake>
			<DeteriorationRate>2</DeteriorationRate>
      <Nutrition>0.07</Nutrition>
    </statBases>
    <ingestible>
      <foodType>Meal</foodType>
      <preferability>MealSimple</preferability>
      <ingestEffect>EatVegetarian</ingestEffect>
      <ingestSound>Meal_Eat</ingestSound>
			<optimalityOffsetHumanlikes>6</optimalityOffsetHumanlikes>
		</ingestible>
    <comps>
      <li Class="CompProperties_Rottable">
        <daysToRotStart>70</daysToRotStart>
        <rotDestroys>true</rotDestroys>
      </li>
      <li Class="CompProperties_Ingredients" />
      <li Class="CompProperties_FoodPoisonable" />
    </comps>
  </ThingDef>

	<ThingDef ParentName="MealRottable">
    <defName>MealChiliPot_Westerado</defName>
    <label>pot of chili</label>
    <description>A masterpiece of the culinary arts, this meal nourishes the body, mind, and soul.</description>
    <graphicData>
      <texPath>Things/Item/Meal/PotChili</texPath>
      <graphicClass>Graphic_Single</graphicClass>
    </graphicData>
    <statBases>
      <MarketValue>40</MarketValue>
      <WorkToMake>800</WorkToMake>
      <Nutrition>1</Nutrition>
    </statBases>
    <ingestible>
      <preferability>MealLavish</preferability>
			<tasteThought>AteLavishMeal</tasteThought>
      <ingestEffect>EatVegetarian</ingestEffect>
      <ingestSound>Meal_Eat</ingestSound>
			<outcomeDoers>
				<li Class="IngestionOutcomeDoer_GiveHediff">
					<hediffDef>HedChili_Westerado</hediffDef>
					<severity>0.25</severity>
				</li>
			</outcomeDoers>
    </ingestible>
  </ThingDef>
	
</Defs>
