<?xml version="1.0" encoding="utf-8" ?>
<Patch>

	<!-- ========== Fix Elephants ========== -->

	<Operation Class="PatchOperationSequence">
		<success>Always</success>
			<operations>
				<li Class="PatchOperationTest">
					<xpath>Defs/PawnKindDef[defName="Elephant"]/lifeStages/li[3]/butcherBodyPart/allowFemale</xpath>
				</li>
				<li Class="PatchOperationReplace">
					<xpath>Defs/PawnKindDef[defName="Elephant"]/lifeStages/li[3]/butcherBodyPart/allowFemale</xpath>
					<value>
						<allowFemale>true</allowFemale>
					</value>
				</li>
			</operations>
	</Operation>
	
	<!-- ========== Rhino horns ========== -->

	<Operation Class="PatchOperationAdd">
		<xpath>Defs/PawnKindDef[defName="Rhinoceros"]/lifeStages/li[3]</xpath>
		<value>
			<butcherBodyPart>
				<bodyPartGroup>HornAttackTool</bodyPartGroup>
				<thing>RhinoHorn_Westerado</thing>
				<allowFemale>true</allowFemale>
			</butcherBodyPart>
		</value>
	</Operation>

	
</Patch>

