﻿<?xml version="1.0" encoding="utf-8" ?>
<Defs>

  <ThingDef ParentName="FurnitureWithQualityBase">
    <defName>PokerTable_Westerado</defName>
    <label>poker table (1x1)</label>
    <description>A small table designed for playing gambling card games like poker. A great way to test your strategic skills and a bit of luck.</description>
    <graphicData>
      <texPath>Things/Building/Joy/PokerTableWesterado</texPath>
      <graphicClass>Graphic_Single</graphicClass>
      <shaderType>CutoutComplex</shaderType>
      <drawSize>(1,1)</drawSize>
      <shadowData>
        <volume>(0.9, 0.3, 0.9)</volume>
        <offset>(0, 0, -0.15)</offset>
      </shadowData>
    </graphicData>
    <rotatable>false</rotatable>
    <altitudeLayer>Building</altitudeLayer>
    <socialPropernessMatters>true</socialPropernessMatters>
    <fillPercent>0.40</fillPercent>
    <building>
      <joyKind>Gaming_Cerebral</joyKind>
    </building>
    <statBases>
      <MaxHitPoints>220</MaxHitPoints>
      <WorkToBuild>7500</WorkToBuild>
      <Mass>80</Mass>
      <Flammability>1.0</Flammability>
      <Beauty>0</Beauty>
      <JoyGainFactor>1.3</JoyGainFactor>
    </statBases>
    <size>(1,1)</size>
    <stuffCategories>
      <li>Metallic</li>
      <li>Woody</li>
      <li>Stony</li>
    </stuffCategories>
    <costStuffCount>40</costStuffCount>
    <costList>
      <Cloth>40</Cloth>
      <WoodLog>15</WoodLog>
    </costList>
    <pathCost>70</pathCost>
    <passability>PassThroughOnly</passability>
    <designationCategory>Joy</designationCategory>
    <canOverlapZones>false</canOverlapZones>
    <researchPrerequisites>
      <li>ComplexFurniture</li>
    </researchPrerequisites>
    <comps>
      <li Class="CompProperties_RoomIdentifier">
        <roomStat>Impressiveness</roomStat>
      </li>
    </comps>
    <constructionSkillPrerequisite>6</constructionSkillPrerequisite>
    <uiIconScale>0.9</uiIconScale>
  </ThingDef>
  
</Defs>
