﻿<?xml version="1.0" encoding="utf-8" ?>
<Defs>

  <PawnKindDef Name="OutlawsBase" Abstract="True">
    <race>Human</race>
    <defaultFactionType>Pirate</defaultFactionType> <!-- check -->
    <backstoryCategories>
      <li>Raider</li>
    </backstoryCategories>
    <chemicalAddictionChance>0.08</chemicalAddictionChance>
    <backstoryCryptosleepCommonality>0.005</backstoryCryptosleepCommonality>
    <invNutrition>2.55</invNutrition>
		<apparelTags>
      <li>Outlaw_Westerado</li>
    </apparelTags>
  </PawnKindDef>

  <!-- ======== Rustler ======== -->
  
  <PawnKindDef ParentName="OutlawsBase">
    <defName>RustlerPawn_Westerado</defName>
    <label>rustler</label>
    <combatPower>30</combatPower>
    <invNutrition>0</invNutrition>
    <gearHealthRange>
      <min>0.2</min>
      <max>0.6</max>
    </gearHealthRange>
    <itemQuality>Poor</itemQuality>
    <apparelMoney>
      <min>90</min>
      <max>280</max>
    </apparelMoney>
    <apparelAllowHeadgearChance>0.2</apparelAllowHeadgearChance>
    <weaponMoney>
      <min>145</min>
      <max>200</max>
    </weaponMoney>
    <weaponTags>
      <li>Gun_Westerado</li>
			<li>NonNeolithicOnlySimpleMelee</li>
    </weaponTags>
    <techHediffsMoney>
      <min>0</min>
			<max>35</max>
    </techHediffsMoney>
    <techHediffsTags>
      <li>Poor</li>
    </techHediffsTags>
    <techHediffsChance>0.1</techHediffsChance>
    <inventoryOptions>
      <skipChance>0.9</skipChance>
      <subOptionsChooseOne>
        <li>
          <thingDef>Silver</thingDef>
          <countRange>
            <min>30</min>
            <max>70</max>
          </countRange>
        </li>
        <li>
          <thingDef>MedicineIndustrial</thingDef>
          <countRange>
            <min>1</min>
            <max>1</max>
          </countRange>
        </li>
      </subOptionsChooseOne>
    </inventoryOptions>
  </PawnKindDef>

  <!-- ======== Desperado ======== -->

	<PawnKindDef ParentName="OutlawsBase">
    <defName>DesperadoPawn_Westerado</defName>
    <label>desperado</label>
    <combatPower>45</combatPower>
    <gearHealthRange>
      <min>0.2</min>
      <max>0.9</max>
    </gearHealthRange>
    <itemQuality>Poor</itemQuality>
    <apparelMoney>
      <min>300</min>
			<max>500</max>
    </apparelMoney>
    <apparelAllowHeadgearChance>0.3</apparelAllowHeadgearChance>
    <weaponMoney>
      <min>250</min>
			<max>350</max>
    </weaponMoney>
    <weaponTags>
      <li>Gun_Westerado</li>
			<li>TrenchShotgun_Westerado</li>
    </weaponTags>
    <techHediffsMoney>
      <min>0</min>
			<max>35</max>
    </techHediffsMoney>
    <techHediffsTags>
      <li>Poor</li>
    </techHediffsTags>
    <techHediffsChance>0.1</techHediffsChance>
    <inventoryOptions>
      <skipChance>0.9</skipChance>
      <subOptionsChooseOne>
        <li>
          <thingDef>Silver</thingDef>
          <countRange>
            <min>25</min>
            <max>50</max>
          </countRange>
        </li>
        <li>
          <thingDef>MedicineIndustrial</thingDef>
          <countRange>
            <min>1</min>
            <max>1</max>
          </countRange>
        </li>
      </subOptionsChooseOne>
    </inventoryOptions>
  </PawnKindDef>

	<!-- ======== Gunslinger ======== -->

	<PawnKindDef ParentName="OutlawsBase">
    <defName>GunslingerPawn_Westerado</defName>
    <label>gunslinger</label>
    <combatPower>55</combatPower>
    <gearHealthRange>
      <min>0.5</min>
      <max>1.0</max>
    </gearHealthRange>
    <itemQuality>Normal</itemQuality>
		<maxGenerationAge>48</maxGenerationAge>
    <apparelMoney>
      <min>300</min>
			<max>800</max>
    </apparelMoney>
    <apparelAllowHeadgearChance>0.9</apparelAllowHeadgearChance>
		<apparelRequired>
      <li>Apparel_Bandana_Westerado</li>
			<li>Apparel_Bandolier_Westerado</li>
    </apparelRequired>
    <weaponMoney>
      <min>300</min>
			<max>500</max>
    </weaponMoney>
    <weaponTags>
      <li>Gun_Gunslinger_Westerado</li>
    </weaponTags>
    <techHediffsMoney>
      <min>0</min>
			<max>35</max>
    </techHediffsMoney>
    <techHediffsTags>
      <li>Poor</li>
    </techHediffsTags>
    <techHediffsChance>0.1</techHediffsChance>
    <inventoryOptions>
      <skipChance>0.9</skipChance>
      <subOptionsChooseOne>
        <li>
          <thingDef>Silver</thingDef>
          <countRange>
            <min>50</min>
            <max>100</max>
          </countRange>
        </li>
        <li>
          <thingDef>MedicineIndustrial</thingDef>
          <countRange>
            <min>1</min>
            <max>2</max>
          </countRange>
        </li>
      </subOptionsChooseOne>
    </inventoryOptions>
  </PawnKindDef>
	
	<!-- ======== Sharpshooter ======== -->

	<PawnKindDef ParentName="OutlawsBase">
    <defName>SharpshooterPawn_Westerado</defName>
    <label>sharpshooter</label>
    <combatPower>65</combatPower>
    <gearHealthRange>
      <min>0.5</min>
      <max>1.0</max>
    </gearHealthRange>
    <itemQuality>Normal</itemQuality>
		<maxGenerationAge>56</maxGenerationAge>
    <apparelMoney>
      <min>300</min>
			<max>800</max>
    </apparelMoney>
    <apparelAllowHeadgearChance>0.75</apparelAllowHeadgearChance>
    <weaponMoney>
      <min>580</min>
			<max>1000</max>
    </weaponMoney>
    <weaponTags>
      <li>SniperRifle_Westerado</li>
    </weaponTags>
    <techHediffsMoney>
      <min>0</min>
			<max>35</max>
    </techHediffsMoney>
    <techHediffsTags>
      <li>Poor</li>
    </techHediffsTags>
    <techHediffsChance>0.1</techHediffsChance>
    <inventoryOptions>
      <skipChance>0.8</skipChance>
      <subOptionsChooseOne>
        <li>
          <thingDef>Silver</thingDef>
          <countRange>
            <min>25</min>
            <max>100</max>
          </countRange>
        </li>
        <li>
          <thingDef>MedicineIndustrial</thingDef>
          <countRange>
            <min>1</min>
            <max>2</max>
          </countRange>
        </li>
      </subOptionsChooseOne>
    </inventoryOptions>
  </PawnKindDef>
	
	<!-- ======== Henchman ======== -->

	<PawnKindDef ParentName="OutlawsBase">
    <defName>HenchmanPawn_Westerado</defName>
    <label>henchman</label>
    <combatPower>85</combatPower>
    <gearHealthRange>
      <min>0.75</min>
      <max>1.5</max>
    </gearHealthRange>
    <itemQuality>Good</itemQuality>
		<maxGenerationAge>60</maxGenerationAge>
    <apparelMoney>
      <min>600</min>
			<max>1500</max>
    </apparelMoney>
    <apparelAllowHeadgearChance>0.75</apparelAllowHeadgearChance>
		<apparelRequired>
      <li>Apparel_Bandana_Westerado</li>
    </apparelRequired>
    <weaponMoney>
      <min>500</min>
			<max>1500</max>
    </weaponMoney>
    <weaponTags>
      <li>Gun_Westerado</li>
    </weaponTags>
    <techHediffsMoney>
      <min>0</min>
			<max>35</max>
    </techHediffsMoney>
    <techHediffsTags>
      <li>Poor</li>
    </techHediffsTags>
    <techHediffsChance>0.1</techHediffsChance>
    <inventoryOptions>
      <skipChance>0.5</skipChance>
      <subOptionsChooseOne>
        <li>
          <thingDef>Silver</thingDef>
          <countRange>
            <min>25</min>
            <max>150</max>
          </countRange>
        </li>
        <li>
          <thingDef>MedicineIndustrial</thingDef>
          <countRange>
            <min>1</min>
            <max>3</max>
          </countRange>
        </li>
      </subOptionsChooseOne>
    </inventoryOptions>
  </PawnKindDef>
	
	<!-- ======== Honcho ======== -->

	<PawnKindDef ParentName="OutlawsBase">
    <defName>HonchoPawn_Westerado</defName>
    <label>honcho</label>
		<labelPlural>honchos</labelPlural>
		<factionLeader>true</factionLeader>
    <combatPower>210</combatPower>
    <gearHealthRange>
      <min>1.0</min>
      <max>3.5</max>
    </gearHealthRange>
    <itemQuality>Good</itemQuality>
		<maxGenerationAge>60</maxGenerationAge>
    <apparelMoney>
      <min>2500</min>
			<max>4200</max>
    </apparelMoney>
    <apparelAllowHeadgearChance>0.95</apparelAllowHeadgearChance>
    <weaponMoney>
      <min>1600</min>
			<max>2000</max>
    </weaponMoney>
    <weaponTags>
      <li>Gun_Westerado</li>
    </weaponTags>
    <techHediffsMoney>
      <min>0</min>
			<max>35</max>
    </techHediffsMoney>
    <techHediffsTags>
      <li>Poor</li>
    </techHediffsTags>
    <techHediffsChance>0.1</techHediffsChance>
    <inventoryOptions>
      <skipChance>0.5</skipChance>
      <subOptionsChooseOne>
        <li>
          <thingDef>Silver</thingDef>
          <countRange>
            <min>120</min>
            <max>480</max>
          </countRange>
        </li>
        <li>
          <thingDef>MedicineIndustrial</thingDef>
          <countRange>
            <min>2</min>
            <max>3</max>
          </countRange>
        </li>
      </subOptionsChooseOne>
    </inventoryOptions>
  </PawnKindDef>

</Defs>
