<?xml version="1.0" encoding="utf-8" ?>
<Patch>

	<Operation Class="PatchOperationSequence">
  <success>Always</success>
		<operations>
			<li Class="PatchOperationTest">
				<xpath>*/ThingDef[defName="VG_FruitKvassWort"]</xpath>
			</li>
			<!--<li Class="PatchOperationReplace">
				<xpath>*/ThingDef[defName="Apparel_Bandana_Westerado"]/label</xpath>
				<value>
					<label>patch worked</label>
				</value>
			</li>-->
			<li Class="PatchOperationReplace">
				<xpath>*/ThingDef[defName="FermentingBarrel"]/comps/li[@Class="Drinks.CompProperties_UniversalFermenter"]</xpath>
				<value>
					<li Class="Drinks.CompProperties_UniversalFermenter">
            <products>
                <li>
									<thingDef>Beer</thingDef>
									<ingredientFilter>
										<thingDefs>
											<li>Wort</li>
										</thingDefs>
									</ingredientFilter>
									<maxCapacity>40</maxCapacity>
									<baseFermentationDuration>300000</baseFermentationDuration>
									<efficiency>1</efficiency>
                </li>
                <li>
                    <thingDef>cider</thingDef>
                    <ingredientFilter>
                        <thingDefs>
                            <li>VG_CiderMust</li>
                        </thingDefs>
                    </ingredientFilter>
                    <maxCapacity>30</maxCapacity>
										<baseFermentationDuration>360000</baseFermentationDuration>
                    <efficiency>1</efficiency>
                </li>
                <li>
                    <thingDef>rum</thingDef>
                    <ingredientFilter>
                        <thingDefs>
                            <li>VG_CaneMash</li>
                        </thingDefs>
                    </ingredientFilter>
                    <maxCapacity>30</maxCapacity>
										<baseFermentationDuration>480000</baseFermentationDuration>
                    <efficiency>1</efficiency>
                </li>
                <li>
                    <thingDef>strawberrywine</thingDef>
                    <ingredientFilter>
                        <thingDefs>
                            <li>CPD_WineMust</li>
                        </thingDefs>
                    </ingredientFilter>
                    <maxCapacity>30</maxCapacity>
										<baseFermentationDuration>600000</baseFermentationDuration>
                    <efficiency>1</efficiency>
                </li>
                <li>
                    <thingDef>Wine</thingDef>
                    <ingredientFilter>
                        <thingDefs>
                            <li>VG_GrapeMust</li>
                        </thingDefs>
                    </ingredientFilter>
                    <maxCapacity>30</maxCapacity>
										<baseFermentationDuration>600000</baseFermentationDuration>
                    <efficiency>1</efficiency>
                </li>
                <li>
                    <thingDef>VG_AmbrosiaWine</thingDef>
                    <ingredientFilter>
                        <thingDefs>
                            <li>VG_AmbrosiaMust</li>
                        </thingDefs>
                    </ingredientFilter>
                    <maxCapacity>30</maxCapacity>
										<baseFermentationDuration>600000</baseFermentationDuration>
                    <efficiency>1</efficiency>
                </li>
                <li>
                    <thingDef>saki</thingDef>
                    <ingredientFilter>
                        <thingDefs>
                            <li>CPD_RiceMash</li>
                        </thingDefs>
                    </ingredientFilter>
                    <maxCapacity>30</maxCapacity>
										<baseFermentationDuration>420000</baseFermentationDuration>
                    <efficiency>1</efficiency>
                </li>
                <li>
                    <thingDef>CPD_VodkaPrecursor</thingDef>
                    <ingredientFilter>
                        <thingDefs>
                            <li>RawPotatoes</li>
                        </thingDefs>
                    </ingredientFilter>
                    <maxCapacity>30</maxCapacity>
										<baseFermentationDuration>360000</baseFermentationDuration>
                    <efficiency>1</efficiency>
                </li>
                <li>
                    <thingDef>tequila</thingDef>
                    <ingredientFilter>
                        <thingDefs>
                            <li>VG_AgaveMust</li>
                        </thingDefs>
                    </ingredientFilter>
                    <maxCapacity>30</maxCapacity>
										<baseFermentationDuration>540000</baseFermentationDuration>
                    <efficiency>1</efficiency>
                </li>
                <li>
                    <thingDef>whisky</thingDef>
                    <ingredientFilter>
                        <thingDefs>
                            <li>CPD_CornWort</li>
                        </thingDefs>
                    </ingredientFilter>
                    <maxCapacity>30</maxCapacity>
										<baseFermentationDuration>420000</baseFermentationDuration>
                    <efficiency>1</efficiency>
                </li>
                <li>
                    <thingDef>BrownAle</thingDef>
                    <ingredientFilter>
                        <thingDefs>
                            <li>VG_BrownMalt</li>
                        </thingDefs>
                    </ingredientFilter>
                    <maxCapacity>30</maxCapacity>
										<baseFermentationDuration>360000</baseFermentationDuration>
                    <efficiency>1</efficiency>
                </li>
                <li>
                    <thingDef>Fruitshine</thingDef>
                    <ingredientFilter>
                        <thingDefs>
                            <li>VG_FruitMash</li>
                        </thingDefs>
                    </ingredientFilter>
                    <maxCapacity>30</maxCapacity>
										<baseFermentationDuration>420000</baseFermentationDuration>
                    <efficiency>1</efficiency>
                </li>
                <li>
                    <thingDef>KvassSoda</thingDef>
                    <ingredientFilter>
                        <thingDefs>
                            <li>VG_KvassSodaWort</li>
                        </thingDefs>
                    </ingredientFilter>
                    <maxCapacity>30</maxCapacity>
										<baseFermentationDuration>300000</baseFermentationDuration>
                    <efficiency>1</efficiency>
                </li>
                <li>
                    <thingDef>FruitKvass</thingDef>
                    <ingredientFilter>
                        <thingDefs>
                            <li>VG_FruitKvassWort</li>
                        </thingDefs>
                    </ingredientFilter>
                    <maxCapacity>30</maxCapacity>
										<baseFermentationDuration>300000</baseFermentationDuration>
                    <efficiency>1</efficiency>
                </li>
                <li>
                    <thingDef>VegetableKvass</thingDef>
                    <ingredientFilter>
                        <thingDefs>
                            <li>VG_VegKvassWort</li>
                        </thingDefs>
                    </ingredientFilter>
                    <maxCapacity>30</maxCapacity>
										<baseFermentationDuration>300000</baseFermentationDuration>
                    <efficiency>1</efficiency>
                </li>
								<li>
									<thingDef>RyeWhiskey_Westerado</thingDef>
									<ingredientFilter>
										<thingDefs>
											<li>RyeMash_Westererado</li>
										</thingDefs>
									</ingredientFilter>
									<maxCapacity>30</maxCapacity>
									<baseFermentationDuration>420000</baseFermentationDuration>
									<efficiency>1</efficiency>
								</li>
            </products>
					</li>
				</value>
			</li>
			<li Class="PatchOperationReplace">
				<xpath>*/ThingDef[defName="VG_LargeFermentingBarrel"]/comps/li[@Class="Drinks.CompProperties_UniversalFermenter"]</xpath>
				<value>
					<li Class="Drinks.CompProperties_UniversalFermenter">
            <products>
                <li>
                    <thingDef>Beer</thingDef>
                    <ingredientFilter>
                        <thingDefs>
                            <li>Wort</li>
                        </thingDefs>
                    </ingredientFilter>
                    <maxCapacity>150</maxCapacity>
										<baseFermentationDuration>225000</baseFermentationDuration>
                    <efficiency>1</efficiency>
                </li>
                <li>
                    <thingDef>cider</thingDef>
                    <ingredientFilter>
                        <thingDefs>
                            <li>VG_CiderMust</li>
                        </thingDefs>
                    </ingredientFilter>
                    <maxCapacity>120</maxCapacity>
										<baseFermentationDuration>270000</baseFermentationDuration>
                    <efficiency>1</efficiency>
                </li>
                <li>
                    <thingDef>rum</thingDef>
                    <ingredientFilter>
                        <thingDefs>
                            <li>VG_CaneMash</li>
                        </thingDefs>
                    </ingredientFilter>
                    <maxCapacity>120</maxCapacity>
										<baseFermentationDuration>360000</baseFermentationDuration>
                    <efficiency>1</efficiency>
                </li>
                <li>
                    <thingDef>strawberrywine</thingDef>
                    <ingredientFilter>
                        <thingDefs>
                            <li>CPD_WineMust</li>
                        </thingDefs>
                    </ingredientFilter>
                    <maxCapacity>120</maxCapacity>
										<baseFermentationDuration>450000</baseFermentationDuration>
                    <efficiency>1</efficiency>
                </li>
                <li>
                    <thingDef>Wine</thingDef>
                    <ingredientFilter>
                        <thingDefs>
                            <li>VG_GrapeMust</li>
                        </thingDefs>
                    </ingredientFilter>
                    <maxCapacity>120</maxCapacity>
										<baseFermentationDuration>450000</baseFermentationDuration>
                    <efficiency>1</efficiency>
                </li>
                <li>
                    <thingDef>VG_AmbrosiaWine</thingDef>
                    <ingredientFilter>
                        <thingDefs>
                            <li>VG_AmbrosiaMust</li>
                        </thingDefs>
                    </ingredientFilter>
                    <maxCapacity>120</maxCapacity>
										<baseFermentationDuration>450000</baseFermentationDuration>
                    <efficiency>1</efficiency>
                </li>
                <li>
                    <thingDef>saki</thingDef>
                    <ingredientFilter>
                        <thingDefs>
                            <li>CPD_RiceMash</li>
                        </thingDefs>
                    </ingredientFilter>
                    <maxCapacity>120</maxCapacity>
										<baseFermentationDuration>315000</baseFermentationDuration>
                    <efficiency>1</efficiency>
                </li>
                <li>
                    <thingDef>CPD_VodkaPrecursor</thingDef>
                    <ingredientFilter>
                        <thingDefs>
                            <li>RawPotatoes</li>
                        </thingDefs>
                    </ingredientFilter>
                    <maxCapacity>120</maxCapacity>
										<baseFermentationDuration>270000</baseFermentationDuration>
                    <efficiency>1</efficiency>
                </li>
                <li>
                    <thingDef>tequila</thingDef>
                    <ingredientFilter>
                        <thingDefs>
                            <li>VG_AgaveMust</li>
                        </thingDefs>
                    </ingredientFilter>
                    <maxCapacity>120</maxCapacity>
										<baseFermentationDuration>385000</baseFermentationDuration>
                    <efficiency>1</efficiency>
                </li>
                <li>
                    <thingDef>whisky</thingDef>
                    <ingredientFilter>
                        <thingDefs>
                            <li>CPD_CornWort</li>
                        </thingDefs>
                    </ingredientFilter>
                    <maxCapacity>120</maxCapacity>
										<baseFermentationDuration>315000</baseFermentationDuration>
                    <efficiency>1</efficiency>
                </li>
                <li>
                    <thingDef>BrownAle</thingDef>
                    <ingredientFilter>
                        <thingDefs>
                            <li>VG_BrownMalt</li>
                        </thingDefs>
                    </ingredientFilter>
                    <maxCapacity>150</maxCapacity>
										<baseFermentationDuration>270000</baseFermentationDuration>
                    <efficiency>1</efficiency>
                </li>
                <li>
                    <thingDef>Fruitshine</thingDef>
                    <ingredientFilter>
                        <thingDefs>
                            <li>VG_FruitMash</li>
                        </thingDefs>
                    </ingredientFilter>
                    <maxCapacity>120</maxCapacity>
										<baseFermentationDuration>315000</baseFermentationDuration>
                    <efficiency>1</efficiency>
                </li>
                <li>
                    <thingDef>KvassSoda</thingDef>
                    <ingredientFilter>
                        <thingDefs>
                            <li>VG_KvassSodaWort</li>
                        </thingDefs>
                    </ingredientFilter>
                    <maxCapacity>120</maxCapacity>
										<baseFermentationDuration>225000</baseFermentationDuration>
                    <efficiency>1</efficiency>
                </li>
                <li>
                    <thingDef>FruitKvass</thingDef>
                    <ingredientFilter>
                        <thingDefs>
                            <li>VG_FruitKvassWort</li>
                        </thingDefs>
                    </ingredientFilter>
                    <maxCapacity>120</maxCapacity>
										<baseFermentationDuration>225000</baseFermentationDuration>
                    <efficiency>1</efficiency>
                </li>
                <li>
                    <thingDef>VegetableKvass</thingDef>
                    <ingredientFilter>
                        <thingDefs>
                            <li>VG_VegKvassWort</li>
                        </thingDefs>
                    </ingredientFilter>
                    <maxCapacity>120</maxCapacity>
										<baseFermentationDuration>225000</baseFermentationDuration>
                    <efficiency>1</efficiency>
                </li>
								<li>
									<thingDef>RyeWhiskey_Westerado</thingDef>
									<ingredientFilter>
										<thingDefs>
											<li>RyeMash_Westererado</li>
										</thingDefs>
									</ingredientFilter>
									<maxCapacity>120</maxCapacity>
									<baseFermentationDuration>450000</baseFermentationDuration>
									<efficiency>1</efficiency>
								</li>
            </products>
					</li>
				</value>
			</li>
		</operations>
	</Operation>

</Patch>
