﻿<?xml version="1.0" encoding="utf-8" ?>
<Defs>

	<!-- =========================          ========================= -->
	<!-- ========================= Handguns ========================= -->
	<!-- =========================          ========================= -->
	
	<!-- ========================= Colt SAA ========================= -->

  <ThingDef ParentName="BaseHumanMakeableGun_Westerado">
    <defName>Gun_Cattleman_Westerado</defName>
    <label>cattleman</label>
    <description>An ancient pattern single-action revolver. It's not very powerful, but has a decent range for a pistol and is quick on the draw.</description>
    <graphicData>
      <texPath>Things/Item/Equipment/WeaponRanged/SAA</texPath>
      <graphicClass>Graphic_Single</graphicClass>
    </graphicData>
    <soundInteract>Interact_Revolver</soundInteract>
    <statBases>
      <WorkToMake>3800</WorkToMake>
      <Mass>1.04</Mass>
      <AccuracyTouch>0.80</AccuracyTouch>
      <AccuracyShort>0.75</AccuracyShort>
      <AccuracyMedium>0.50</AccuracyMedium>
      <AccuracyLong>0.40</AccuracyLong>
      <RangedWeapon_Cooldown>1.9</RangedWeapon_Cooldown>
    </statBases>
    <weaponTags>
      <li>SimpleGun</li>
      <li>Revolver</li>
			<li>Gun_Westerado</li>
			<li>Gun_Gunslinger_Westerado</li>
    </weaponTags>
    <costList>
			<WoodLog>5</WoodLog>
      <Steel>30</Steel>
      <ComponentIndustrial>2</ComponentIndustrial>
    </costList>
    <recipeMaker>
      <researchPrerequisite>SingleActionTech_Westerado</researchPrerequisite>
      <skillRequirements>
        <Crafting>3</Crafting>
      </skillRequirements>
    </recipeMaker>
    <verbs>
      <li>
        <verbClass>Verb_Shoot</verbClass>
        <hasStandardCommand>true</hasStandardCommand>
        <defaultProjectile>Bullet_Cattleman_Westerado</defaultProjectile>
        <warmupTime>0.6</warmupTime>
        <range>25.9</range>
        <soundCast>Shot_Revolver</soundCast>
        <soundCastTail>GunTail_Light</soundCastTail>
        <muzzleFlashScale>9</muzzleFlashScale>
      </li>
    </verbs>
    <tools>
      <li>
        <label>grip</label>
        <capacities>
          <li>Blunt</li>
        </capacities>
        <power>9</power>
        <cooldownTime>2</cooldownTime>
      </li>
      <li>
        <label>barrel</label>
        <capacities>
          <li>Blunt</li>
          <li>Poke</li>
        </capacities>
        <power>9</power>
        <cooldownTime>2</cooldownTime>
      </li>
    </tools>
  </ThingDef>
	<ThingDef ParentName="BaseBullet">
    <defName>Bullet_Cattleman_Westerado</defName>
    <label>cattleman bullet</label>
    <graphicData>
      <texPath>Things/Projectile/Bullet_Small</texPath>
      <graphicClass>Graphic_Single</graphicClass>
    </graphicData>
    <projectile>
      <flyOverhead>false</flyOverhead>
      <damageDef>Bullet</damageDef>
      <damageAmountBase>14</damageAmountBase>
      <stoppingPower>1.25</stoppingPower>
      <speed>55</speed>
    </projectile>
  </ThingDef>
	
	<!-- ========================= S&W Schofield ========================= -->

  <ThingDef ParentName="BaseHumanMakeableGun_Westerado">
    <defName>Gun_BreakActionRevolver_Westerado</defName>
    <label>break-action revolver</label>
    <description>An ancient pattern break-action revolver. It's not very powerful, but has a decent range for a pistol and a relatively quick reload.</description>
    <graphicData>
      <texPath>Things/Item/Equipment/WeaponRanged/Schofield</texPath>
      <graphicClass>Graphic_Single</graphicClass>
    </graphicData>
    <soundInteract>Interact_Revolver</soundInteract>
    <statBases>
      <WorkToMake>6200</WorkToMake>
      <Mass>1.3</Mass>
      <AccuracyTouch>0.80</AccuracyTouch>
      <AccuracyShort>0.76</AccuracyShort>
      <AccuracyMedium>0.48</AccuracyMedium>
      <AccuracyLong>0.38</AccuracyLong>
      <RangedWeapon_Cooldown>1.7</RangedWeapon_Cooldown>
    </statBases>
    <weaponTags>
			<li>Gun_Westerado</li>
			<li>Gun_Gunslinger_Westerado</li>
    </weaponTags>
    <costList>
			<WoodLog>5</WoodLog>
      <Steel>35</Steel>
      <ComponentIndustrial>3</ComponentIndustrial>
    </costList>
    <recipeMaker>
      <researchPrerequisite>BreakActionTech_Westerado</researchPrerequisite>
      <skillRequirements>
        <Crafting>4</Crafting>
      </skillRequirements>
    </recipeMaker>
    <verbs>
      <li>
        <verbClass>Verb_Shoot</verbClass>
        <hasStandardCommand>true</hasStandardCommand>
        <defaultProjectile>Bullet_BreakActionRevolver_Westerado</defaultProjectile>
        <warmupTime>0.65</warmupTime>
        <range>25.9</range>
        <soundCast>Shot_Revolver</soundCast>
        <soundCastTail>GunTail_Light</soundCastTail>
        <muzzleFlashScale>9</muzzleFlashScale>
      </li>
    </verbs>
    <tools>
      <li>
        <label>grip</label>
        <capacities>
          <li>Blunt</li>
        </capacities>
        <power>9</power>
        <cooldownTime>2</cooldownTime>
      </li>
      <li>
        <label>barrel</label>
        <capacities>
          <li>Blunt</li>
          <li>Poke</li>
        </capacities>
        <power>9</power>
        <cooldownTime>2</cooldownTime>
      </li>
    </tools>
  </ThingDef>
	<ThingDef ParentName="BaseBullet">
    <defName>Bullet_BreakActionRevolver_Westerado</defName>
    <label>break-action revolver bullet</label>
    <graphicData>
      <texPath>Things/Projectile/Bullet_Small</texPath>
      <graphicClass>Graphic_Single</graphicClass>
    </graphicData>
    <projectile>
      <flyOverhead>false</flyOverhead>
      <damageDef>Bullet</damageDef>
      <damageAmountBase>14</damageAmountBase>
      <stoppingPower>1.25</stoppingPower>
      <speed>55</speed>
    </projectile>
  </ThingDef>
	
	<!-- ========================= Colt 1851 Navy ========================= -->
	
	<ThingDef ParentName="BaseHumanMakeableGun_Westerado">
    <defName>Gun_PercussionRevolver_Westerado</defName>
    <label>percussion revolver</label>
    <description>An ancient pattern percussion-lock revolver. It's quite powerful, has a decent range and is quick on the draw.</description>
    <graphicData>
      <texPath>Things/Item/Equipment/WeaponRanged/ColtNavy</texPath>
      <graphicClass>Graphic_Single</graphicClass>
    </graphicData>
    <soundInteract>Interact_Revolver</soundInteract>
    <statBases>
      <WorkToMake>3750</WorkToMake>
      <Mass>1.2</Mass>
      <AccuracyTouch>0.75</AccuracyTouch>
      <AccuracyShort>0.70</AccuracyShort>
      <AccuracyMedium>0.35</AccuracyMedium>
      <AccuracyLong>0.30</AccuracyLong>
      <RangedWeapon_Cooldown>1.9</RangedWeapon_Cooldown>
    </statBases>
    <weaponTags>
      <li>SimpleGun</li>
			<li>Gun_Westerado</li>
			<li>Gun_Gunslinger_Westerado</li>
    </weaponTags>
    <costList>
			<WoodLog>5</WoodLog>
      <Steel>35</Steel>
      <ComponentIndustrial>2</ComponentIndustrial>
    </costList>
    <recipeMaker>
      <researchPrerequisite>PercussionTech_Westerado</researchPrerequisite>
      <skillRequirements>
        <Crafting>4</Crafting>
      </skillRequirements>
    </recipeMaker>
    <verbs>
      <li>
        <verbClass>Verb_Shoot</verbClass>
        <hasStandardCommand>true</hasStandardCommand>
        <defaultProjectile>Bullet_PercussionRevolver_Westerado</defaultProjectile>
        <warmupTime>0.75</warmupTime>
        <range>21.9</range>
        <soundCast>Shot_Revolver</soundCast>
        <soundCastTail>GunTail_Medium</soundCastTail>
        <muzzleFlashScale>9</muzzleFlashScale>
      </li>
    </verbs>
    <tools>
      <li>
        <label>grip</label>
        <capacities>
          <li>Blunt</li>
        </capacities>
        <power>10</power>
        <cooldownTime>2</cooldownTime>
      </li>
      <li>
        <label>barrel</label>
        <capacities>
          <li>Blunt</li>
          <li>Poke</li>
        </capacities>
        <power>9</power>
        <cooldownTime>2</cooldownTime>
      </li>
    </tools>
  </ThingDef>
	<ThingDef ParentName="BaseBullet">
    <defName>Bullet_PercussionRevolver_Westerado</defName>
    <label>percussion revolver bullet</label>
    <graphicData>
      <texPath>Things/Projectile/Bullet_Small</texPath>
      <graphicClass>Graphic_Single</graphicClass>
    </graphicData>
    <projectile>
      <flyOverhead>false</flyOverhead>
      <damageDef>Bullet</damageDef>
      <damageAmountBase>14</damageAmountBase>
      <stoppingPower>1.25</stoppingPower>
      <speed>50</speed>
    </projectile>
  </ThingDef>
	
	<!-- ========================= Griswold n Gunnison ========================= -->
	
	<ThingDef ParentName="BaseHumanMakeableGun_Westerado">
    <defName>Gun_NavyRevolver_Westerado</defName>
    <label>rebel revolver</label>
    <description>An ancient pattern single-action revolver. It's not very powerful, but has a decent range for a pistol and is quick on the draw.</description>
    <graphicData>
      <texPath>Things/Item/Equipment/WeaponRanged/Griswold</texPath>
      <graphicClass>Graphic_Single</graphicClass>
    </graphicData>
    <soundInteract>Interact_Revolver</soundInteract>
    <statBases>
      <WorkToMake>4000</WorkToMake>
      <Mass>1.1</Mass>
      <AccuracyTouch>0.80</AccuracyTouch>
      <AccuracyShort>0.75</AccuracyShort>
      <AccuracyMedium>0.35</AccuracyMedium>
      <AccuracyLong>0.30</AccuracyLong>
      <RangedWeapon_Cooldown>1.8</RangedWeapon_Cooldown>
    </statBases>
    <weaponTags>
      <li>SimpleGun</li>
			<li>Gun_Westerado</li>
			<li>Gun_Gunslinger_Westerado</li>
    </weaponTags>
    <costList>
			<WoodLog>5</WoodLog>
      <Steel>30</Steel>
      <ComponentIndustrial>2</ComponentIndustrial>
    </costList>
    <recipeMaker>
      <researchPrerequisite>SingleActionTech_Westerado</researchPrerequisite>
      <skillRequirements>
        <Crafting>3</Crafting>
      </skillRequirements>
    </recipeMaker>
    <verbs>
      <li>
        <verbClass>Verb_Shoot</verbClass>
        <hasStandardCommand>true</hasStandardCommand>
        <defaultProjectile>Bullet_NavyRevolver_Westerado</defaultProjectile>
        <warmupTime>0.6</warmupTime>
        <range>22.9</range>
        <soundCast>Shot_Revolver</soundCast>
        <soundCastTail>GunTail_Light</soundCastTail>
        <muzzleFlashScale>9</muzzleFlashScale>
      </li>
    </verbs>
    <tools>
      <li>
        <label>grip</label>
        <capacities>
          <li>Blunt</li>
        </capacities>
        <power>10</power>
        <cooldownTime>2</cooldownTime>
      </li>
      <li>
        <label>barrel</label>
        <capacities>
          <li>Blunt</li>
          <li>Poke</li>
        </capacities>
        <power>9</power>
        <cooldownTime>2</cooldownTime>
      </li>
    </tools>
  </ThingDef>
	<ThingDef ParentName="BaseBullet">
    <defName>Bullet_NavyRevolver_Westerado</defName>
    <label>rebel revolver bullet</label>
    <graphicData>
      <texPath>Things/Projectile/Bullet_Small</texPath>
      <graphicClass>Graphic_Single</graphicClass>
    </graphicData>
    <projectile>
      <flyOverhead>false</flyOverhead>
      <damageDef>Bullet</damageDef>
      <damageAmountBase>12</damageAmountBase>
      <stoppingPower>1.25</stoppingPower>
      <speed>55</speed>
    </projectile>
  </ThingDef>
	
	<!-- ========================= Gasser ========================= -->
	
	<ThingDef ParentName="BaseHumanMakeableGun_Westerado">
    <defName>Gun_DoubleActionRevolver_Westerado</defName>
    <label>double-action revolver</label>
    <description>An ancient pattern double-action revolver. It's not very powerful, but has a decent range for a pistol and has a decent rate of fire.</description>
    <graphicData>
      <texPath>Things/Item/Equipment/WeaponRanged/Gasser</texPath>
      <graphicClass>Graphic_Single</graphicClass>
    </graphicData>
    <soundInteract>Interact_Revolver</soundInteract>
    <statBases>
      <WorkToMake>4200</WorkToMake>
      <Mass>1.3</Mass>
      <AccuracyTouch>0.80</AccuracyTouch>
      <AccuracyShort>0.75</AccuracyShort>
      <AccuracyMedium>0.45</AccuracyMedium>
      <AccuracyLong>0.35</AccuracyLong>
      <RangedWeapon_Cooldown>1.6</RangedWeapon_Cooldown>
    </statBases>
    <weaponTags>
      <li>SimpleGun</li>
			<li>Gun_Westerado</li>
    </weaponTags>
    <costList>
			<WoodLog>5</WoodLog>
      <Steel>45</Steel>
      <ComponentIndustrial>3</ComponentIndustrial>
    </costList>
    <recipeMaker>
      <researchPrerequisite>DoubleActionTech_Westerado</researchPrerequisite>
      <skillRequirements>
        <Crafting>6</Crafting>
      </skillRequirements>
    </recipeMaker>
    <verbs>
      <li>
        <verbClass>Verb_Shoot</verbClass>
        <hasStandardCommand>true</hasStandardCommand>
        <defaultProjectile>Bullet_DoubleActionRevolver_Westerado</defaultProjectile>
        <warmupTime>0.4</warmupTime>
        <range>26.9</range>
        <soundCast>Shot_Revolver</soundCast>
        <soundCastTail>GunTail_Light</soundCastTail>
        <muzzleFlashScale>9</muzzleFlashScale>
      </li>
    </verbs>
    <tools>
      <li>
        <label>grip</label>
        <capacities>
          <li>Blunt</li>
        </capacities>
        <power>9</power>
        <cooldownTime>2</cooldownTime>
      </li>
      <li>
        <label>barrel</label>
        <capacities>
          <li>Blunt</li>
          <li>Poke</li>
        </capacities>
        <power>9</power>
        <cooldownTime>2</cooldownTime>
      </li>
    </tools>
  </ThingDef>
	<ThingDef ParentName="BaseBullet">
    <defName>Bullet_DoubleActionRevolver_Westerado</defName>
    <label>double-action revolver bullet</label>
    <graphicData>
      <texPath>Things/Projectile/Bullet_Small</texPath>
      <graphicClass>Graphic_Single</graphicClass>
    </graphicData>
    <projectile>
      <flyOverhead>false</flyOverhead>
      <damageDef>Bullet</damageDef>
      <damageAmountBase>11</damageAmountBase>
      <stoppingPower>1</stoppingPower>
      <speed>55</speed>
    </projectile>
  </ThingDef>
	
	<!-- ========================= Volcanic Repeater ========================= -->
	
	<ThingDef ParentName="BaseHumanMakeableGun_Westerado">
    <defName>Gun_LeverActionPistol_Westerado</defName>
    <label>lever-action pistol</label>
    <description>An ancient pattern lever-action pistol. It's not very powerful, but has a decent range for a pistol and has a decent rate of fire.</description>
    <graphicData>
      <texPath>Things/Item/Equipment/WeaponRanged/Volcanic</texPath>
      <graphicClass>Graphic_Single</graphicClass>
    </graphicData>
    <soundInteract>Interact_Revolver</soundInteract>
    <statBases>
      <WorkToMake>4400</WorkToMake>
      <Mass>1.3</Mass>
      <AccuracyTouch>0.82</AccuracyTouch>
      <AccuracyShort>0.72</AccuracyShort>
      <AccuracyMedium>0.48</AccuracyMedium>
      <AccuracyLong>0.42</AccuracyLong>
      <RangedWeapon_Cooldown>1.6</RangedWeapon_Cooldown>
    </statBases>
    <weaponTags>
			<li>Gun_Westerado</li>
    </weaponTags>
    <costList>
			<WoodLog>5</WoodLog>
      <Steel>40</Steel>
      <ComponentIndustrial>3</ComponentIndustrial>
    </costList>
    <recipeMaker>
      <researchPrerequisite>RepeatingActionTech_Westerado</researchPrerequisite>
      <skillRequirements>
        <Crafting>5</Crafting>
      </skillRequirements>
    </recipeMaker>
    <verbs>
      <li>
        <verbClass>Verb_Shoot</verbClass>
        <hasStandardCommand>true</hasStandardCommand>
        <defaultProjectile>Bullet_LeverActionPistol_Westerado</defaultProjectile>
        <warmupTime>0.7</warmupTime>
        <range>26.9</range>
        <soundCast>Shot_RepeatingRifle_Westerado</soundCast>
        <soundCastTail>GunTail_Light</soundCastTail>
        <muzzleFlashScale>9</muzzleFlashScale>
      </li>
    </verbs>
    <tools>
      <li>
        <label>grip</label>
        <capacities>
          <li>Blunt</li>
        </capacities>
        <power>9</power>
        <cooldownTime>2</cooldownTime>
      </li>
      <li>
        <label>barrel</label>
        <capacities>
          <li>Blunt</li>
          <li>Poke</li>
        </capacities>
        <power>9</power>
        <cooldownTime>2</cooldownTime>
      </li>
    </tools>
  </ThingDef>
	<ThingDef ParentName="BaseBullet">
    <defName>Bullet_LeverActionPistol_Westerado</defName>
    <label>lever-action pistol bullet</label>
    <graphicData>
      <texPath>Things/Projectile/Bullet_Small</texPath>
      <graphicClass>Graphic_Single</graphicClass>
    </graphicData>
    <projectile>
      <flyOverhead>false</flyOverhead>
      <damageDef>Bullet</damageDef>
      <damageAmountBase>12</damageAmountBase>
      <stoppingPower>1</stoppingPower>
      <speed>55</speed>
    </projectile>
  </ThingDef>
	
	<!-- ========================= Mauser C96 ========================= -->
	
	<ThingDef ParentName="BaseHumanMakeableGun_Westerado">
    <defName>Gun_BroomhandlePistol_Westerado</defName>
    <label>broomhandle pistol</label>
    <description>An ancient pattern blowback-operated self-loading pistol. It lacks stopping power and range, but is quick to fire.</description>
    <graphicData>
      <texPath>Things/Item/Equipment/WeaponRanged/MauserC96</texPath>
      <graphicClass>Graphic_Single</graphicClass>
    </graphicData>
    <soundInteract>Interact_Autopistol</soundInteract>
    <weaponTags>
      <li>SimpleGun</li>
			<li>Gun_Westerado</li>
    </weaponTags>
    <statBases>
      <WorkToMake>5000</WorkToMake>
      <Mass>1.13</Mass>
      <AccuracyTouch>0.80</AccuracyTouch>
      <AccuracyShort>0.70</AccuracyShort>
      <AccuracyMedium>0.35</AccuracyMedium>
      <AccuracyLong>0.25</AccuracyLong>
      <RangedWeapon_Cooldown>0.8</RangedWeapon_Cooldown>
    </statBases>
    <costList>
			<WoodLog>5</WoodLog>
      <Steel>30</Steel>
      <ComponentIndustrial>2</ComponentIndustrial>
    </costList>
		<recipeMaker>
      <researchPrerequisite>BlowbackOperation</researchPrerequisite>
      <skillRequirements>
        <Crafting>7</Crafting>
      </skillRequirements>
    </recipeMaker>
    <verbs>
      <li>
        <verbClass>Verb_Shoot</verbClass>
        <hasStandardCommand>true</hasStandardCommand>
        <defaultProjectile>Bullet_BroomhandlePistol_Westerado</defaultProjectile>
        <warmupTime>0.3</warmupTime>
        <range>21.9</range>
        <soundCast>Shot_Autopistol</soundCast>
        <soundCastTail>GunTail_Light</soundCastTail>
        <muzzleFlashScale>9</muzzleFlashScale>
      </li>
    </verbs>
    <tools>
      <li>
        <label>grip</label>
        <capacities>
          <li>Blunt</li>
        </capacities>
        <power>10</power>
        <cooldownTime>2</cooldownTime>
      </li>
      <li>
        <label>barrel</label>
        <capacities>
          <li>Blunt</li>
          <li>Poke</li>
        </capacities>
        <power>9</power>
        <cooldownTime>2</cooldownTime>
      </li>
    </tools>
  </ThingDef>
  <ThingDef ParentName="BaseBullet">
    <defName>Bullet_BroomhandlePistol_Westerado</defName>
    <label>broomhandle bullet</label>
    <graphicData>
      <texPath>Things/Projectile/Bullet_Small</texPath>
      <graphicClass>Graphic_Single</graphicClass>
    </graphicData>
    <projectile>
      <flyOverhead>false</flyOverhead>
      <damageDef>Bullet</damageDef>
      <damageAmountBase>9</damageAmountBase>
      <speed>60</speed>
    </projectile>
  </ThingDef>
	
	<!-- ========================= Flintlock Pistol ========================= -->
	
	<ThingDef ParentName="BaseHumanMakeableGun_Westerado">
    <defName>Gun_FlintlockPistol_Westerado</defName>
    <label>flintlock pistol</label>
    <description>Ancient pistol design. Popular with admirals and pirates alike. Good stopping power, but slow to fire and has bad accuracy at range.</description>
    <graphicData>
      <texPath>Things/Item/Equipment/WeaponRanged/FlintlockPistol</texPath>
      <graphicClass>Graphic_Single</graphicClass>
    </graphicData>
    <soundInteract>Interact_Autopistol</soundInteract>
    <statBases>
      <WorkToMake>2600</WorkToMake>
      <Mass>1.1</Mass>
      <AccuracyTouch>0.70</AccuracyTouch>
      <AccuracyShort>0.60</AccuracyShort>
      <AccuracyMedium>0.35</AccuracyMedium>
      <AccuracyLong>0.15</AccuracyLong>
      <RangedWeapon_Cooldown>2.4</RangedWeapon_Cooldown>
    </statBases>
    <weaponTags Inherit="False">
			<li>GunOld_Westerado</li>
    </weaponTags>
    <costList>
			<WoodLog>5</WoodLog>
      <Steel>45</Steel>
      <ComponentIndustrial>3</ComponentIndustrial>
    </costList>
    <recipeMaker>
      <researchPrerequisite>Gunsmithing</researchPrerequisite>
      <skillRequirements>
        <Crafting>3</Crafting>
      </skillRequirements>
			<recipeUsers>
				<li>TableMachining</li>
				<li>FueledSmithy</li>
        <li>ElectricSmithy</li>
      </recipeUsers>
    </recipeMaker>
    <verbs>
      <li>
        <verbClass>Verb_Shoot</verbClass>
        <hasStandardCommand>true</hasStandardCommand>
        <defaultProjectile>Bullet_FlintlockPistol_Westerado</defaultProjectile>
        <warmupTime>1.8</warmupTime>
        <range>21.9</range>
        <soundCast>Shot_Flintlock_Westerado</soundCast>
        <soundCastTail>GunTail_Light</soundCastTail>
        <muzzleFlashScale>9</muzzleFlashScale>
      </li>
    </verbs>
    <tools>
      <li>
        <label>grip</label>
        <capacities>
          <li>Blunt</li>
        </capacities>
        <power>10</power>
        <cooldownTime>2</cooldownTime>
      </li>
      <li>
        <label>barrel</label>
        <capacities>
          <li>Blunt</li>
          <li>Poke</li>
        </capacities>
        <power>9</power>
        <cooldownTime>2</cooldownTime>
      </li>
    </tools>
  </ThingDef>
	<ThingDef ParentName="BaseBullet">
    <defName>Bullet_FlintlockPistol_Westerado</defName>
    <label>flintlock pistol bullet</label>
    <graphicData>
      <texPath>Things/Projectile/Bullet_Small</texPath>
      <graphicClass>Graphic_Single</graphicClass>
    </graphicData>
    <projectile>
      <flyOverhead>false</flyOverhead>
      <damageDef>Bullet</damageDef>
      <damageAmountBase>14</damageAmountBase>
      <stoppingPower>1.25</stoppingPower>
      <speed>50</speed>
    </projectile>
  </ThingDef>
	
	<!-- ========================= Percussion Pistol ========================= -->
	
	<ThingDef ParentName="BaseHumanMakeableGun_Westerado">
    <defName>Gun_PercussionPistol_Westerado</defName>
    <label>percussion pistol</label>
    <description>Ancient pistol design. Good stopping power, but slow to fire and has bad accuracy at range.</description>
    <graphicData>
      <texPath>Things/Item/Equipment/WeaponRanged/PercussionPistol</texPath>
      <graphicClass>Graphic_Single</graphicClass>
    </graphicData>
    <soundInteract>Interact_Autopistol</soundInteract>
    <statBases>
      <WorkToMake>2800</WorkToMake>
      <Mass>1.15</Mass>
      <AccuracyTouch>0.75</AccuracyTouch>
      <AccuracyShort>0.65</AccuracyShort>
      <AccuracyMedium>0.35</AccuracyMedium>
      <AccuracyLong>0.20</AccuracyLong>
      <RangedWeapon_Cooldown>2.35</RangedWeapon_Cooldown>
    </statBases>
    <weaponTags Inherit="False">
			<li>GunOld_Westerado</li>
    </weaponTags>
    <costList>
			<WoodLog>5</WoodLog>
      <Steel>45</Steel>
      <ComponentIndustrial>3</ComponentIndustrial>
    </costList>
    <recipeMaker>
      <researchPrerequisite>PercussionTech_Westerado</researchPrerequisite>
      <skillRequirements>
        <Crafting>4</Crafting>
      </skillRequirements>
    </recipeMaker>
    <verbs>
      <li>
        <verbClass>Verb_Shoot</verbClass>
        <hasStandardCommand>true</hasStandardCommand>
        <defaultProjectile>Bullet_PercussionPistol_Westerado</defaultProjectile>
        <warmupTime>1.6</warmupTime>
        <range>21.9</range>
        <soundCast>Shot_Revolver</soundCast>
        <soundCastTail>GunTail_Light</soundCastTail>
        <muzzleFlashScale>9</muzzleFlashScale>
      </li>
    </verbs>
    <tools>
      <li>
        <label>grip</label>
        <capacities>
          <li>Blunt</li>
        </capacities>
        <power>10</power>
        <cooldownTime>2</cooldownTime>
      </li>
      <li>
        <label>barrel</label>
        <capacities>
          <li>Blunt</li>
          <li>Poke</li>
        </capacities>
        <power>9</power>
        <cooldownTime>2</cooldownTime>
      </li>
    </tools>
  </ThingDef>
	<ThingDef ParentName="BaseBullet">
    <defName>Bullet_PercussionPistol_Westerado</defName>
    <label>percussion pistol bullet</label>
    <graphicData>
      <texPath>Things/Projectile/Bullet_Small</texPath>
      <graphicClass>Graphic_Single</graphicClass>
    </graphicData>
    <projectile>
      <flyOverhead>false</flyOverhead>
      <damageDef>Bullet</damageDef>
      <damageAmountBase>14</damageAmountBase>
      <stoppingPower>1.25</stoppingPower>
      <speed>50</speed>
    </projectile>
  </ThingDef>
	<!-- ========================= Obrez Bolt-action Pistol ========================= -->
	
	<ThingDef ParentName="BaseHumanMakeableGun_Westerado">
    <defName>Gun_BoltActionPistol_Westerado</defName>
    <label>bolt-action pistol</label>
    <description>An ancient pattern bolt-action pistol. Medium range, and low fire rate.</description>
    <graphicData>
      <texPath>Things/Item/Equipment/WeaponRanged/ObrezPistol</texPath>
      <graphicClass>Graphic_Single</graphicClass>
    </graphicData>
    <soundInteract>Interact_Rifle</soundInteract>
    <statBases>
      <WorkToMake>4500</WorkToMake>
      <Mass>1.6</Mass>
      <AccuracyTouch>0.80</AccuracyTouch>
      <AccuracyShort>0.70</AccuracyShort>
      <AccuracyMedium>0.50</AccuracyMedium>
      <AccuracyLong>0.30</AccuracyLong>
      <RangedWeapon_Cooldown>1.5</RangedWeapon_Cooldown>
    </statBases>
    <costList>
			<Gun_BoltActionRifle>1</Gun_BoltActionRifle>
			<ComponentIndustrial>1</ComponentIndustrial>
    </costList>
    <recipeMaker>
      <researchPrerequisite>BoltActionTech_Westerado</researchPrerequisite>
      <skillRequirements>
        <Crafting>4</Crafting>
      </skillRequirements>
    </recipeMaker>
    <verbs>
      <li>
        <verbClass>Verb_Shoot</verbClass>
        <hasStandardCommand>true</hasStandardCommand>
        <defaultProjectile>Bullet_BoltActionPistol_Westerado</defaultProjectile>
        <warmupTime>1.7</warmupTime>
        <range>28.9</range>
        <soundCast>Shot_BoltActionRifle</soundCast>
        <soundCastTail>GunTail_Heavy</soundCastTail>
        <muzzleFlashScale>9</muzzleFlashScale>
      </li>
    </verbs>
    <tools>
      <li>
        <label>stock</label>
        <capacities>
          <li>Blunt</li>
        </capacities>
        <power>8</power>
        <cooldownTime>2</cooldownTime>
      </li>
      <li>
        <label>barrel</label>
        <capacities>
          <li>Blunt</li>
          <li>Poke</li>
        </capacities>
        <power>8</power>
        <cooldownTime>2</cooldownTime>
      </li>
    </tools>
  </ThingDef>
  <ThingDef ParentName="BaseBullet">
    <defName>Bullet_BoltActionPistol_Westerado</defName>
    <label>bolt-action rifle bullet</label>
    <projectile>
      <damageDef>Bullet</damageDef>
      <damageAmountBase>18</damageAmountBase>
      <stoppingPower>1.5</stoppingPower>
      <speed>70</speed>
    </projectile>
    <graphicData>
      <texPath>Things/Projectile/Bullet_big</texPath>
      <graphicClass>Graphic_Single</graphicClass>
    </graphicData>
  </ThingDef>
	
	<!-- ========================= Harlow's Revolver ========================= -->

  <ThingDef ParentName="BaseHarlowGun_Westerado">
    <defName>Gun_HarlowRevolver_Westerado</defName>
    <label>harlow's revolver</label>
    <description>Allegedely the revolver used by the legendary 'Harlow'.</description>
    <graphicData>
      <texPath>Things/Item/Equipment/WeaponRanged/HarlowRevolver</texPath>
      <graphicClass>Graphic_Single</graphicClass>
    </graphicData>
    <soundInteract>Interact_Revolver</soundInteract>
    <statBases>
      <MarketValue>3800</MarketValue>
      <Mass>1.22</Mass>
      <AccuracyTouch>0.88</AccuracyTouch>
      <AccuracyShort>0.77</AccuracyShort>
      <AccuracyMedium>0.55</AccuracyMedium>
      <AccuracyLong>0.44</AccuracyLong>
      <RangedWeapon_Cooldown>1.8</RangedWeapon_Cooldown>
    </statBases>
		<tradeability>None</tradeability>
    <weaponTags Inherit="False">
			<li>Gun_Harlow_Westerado</li>
    </weaponTags>
		<thingSetMakerTags>
      <li>RewardSpecial</li>
    </thingSetMakerTags>
    <verbs>
      <li>
        <verbClass>Verb_Shoot</verbClass>
        <hasStandardCommand>true</hasStandardCommand>
        <defaultProjectile>Bullet_HarlowRevolver_Westerado</defaultProjectile>
        <warmupTime>0.6</warmupTime>
        <range>29.9</range>
        <soundCast>Shot_Revolver</soundCast>
        <soundCastTail>GunTail_Medium</soundCastTail>
        <muzzleFlashScale>9</muzzleFlashScale>
      </li>
    </verbs>
    <tools>
      <li>
        <label>grip</label>
        <capacities>
          <li>Blunt</li>
        </capacities>
        <power>9</power>
        <cooldownTime>2</cooldownTime>
      </li>
      <li>
        <label>barrel</label>
        <capacities>
          <li>Blunt</li>
          <li>Poke</li>
        </capacities>
        <power>9</power>
        <cooldownTime>2</cooldownTime>
      </li>
    </tools>
  </ThingDef>
	<ThingDef ParentName="BaseBullet">
    <defName>Bullet_HarlowRevolver_Westerado</defName>
    <label>harlow's revolver bullet</label>
    <graphicData>
      <texPath>Things/Projectile/Bullet_Small</texPath>
      <graphicClass>Graphic_Single</graphicClass>
    </graphicData>
    <projectile>
      <flyOverhead>false</flyOverhead>
      <damageDef>Bullet</damageDef>
      <damageAmountBase>22</damageAmountBase>
      <stoppingPower>3.33</stoppingPower>
      <speed>69</speed>
    </projectile>
  </ThingDef>
	
	<!-- =========================          ========================= -->
	<!-- ========================= Shotguns ========================= -->
	<!-- =========================          ========================= -->
	
	<!-- ========================= Coachgun ========================= -->
	
	<ThingDef ParentName="BaseHumanMakeableGun_Westerado">
    <defName>Gun_CoachGun_Westerado</defName>
    <label>coach gun</label>
    <description>An ancient design of double barrelled shotgun that emits a tight-packed spray of pellets. Deadly, but short range, and slow rate of fire.</description>
    <graphicData>
      <texPath>Things/Item/Equipment/WeaponRanged/Coachgun</texPath>
      <graphicClass>Graphic_Single</graphicClass>
    </graphicData>
    <soundInteract>Interact_Shotgun</soundInteract>
    <statBases>
      <WorkToMake>11000</WorkToMake>
      <Mass>2.9</Mass>
      <AccuracyTouch>0.80</AccuracyTouch>
      <AccuracyShort>0.90</AccuracyShort>
      <AccuracyMedium>0.72</AccuracyMedium>
      <AccuracyLong>0.60</AccuracyLong>
      <RangedWeapon_Cooldown>1.5</RangedWeapon_Cooldown>
    </statBases>
		<weaponTags>
			<li>Gun_Westerado</li>
    </weaponTags>
    <costList>
      <Steel>50</Steel>
			<WoodLog>10</WoodLog>
      <ComponentIndustrial>2</ComponentIndustrial>
    </costList>
    <recipeMaker>
      <researchPrerequisite>BreakActionTech_Westerado</researchPrerequisite>
      <skillRequirements>
        <Crafting>5</Crafting>
      </skillRequirements>
    </recipeMaker>
    <verbs>
      <li>
        <verbClass>Verb_Shoot</verbClass>
        <hasStandardCommand>true</hasStandardCommand>
        <defaultProjectile>Bullet_CoachGun_Westerado</defaultProjectile>
        <warmupTime>1.5</warmupTime>
        <range>15.9</range>
        <soundCast>Shot_DoubleBarrelShotgun_Westerado</soundCast>
        <soundCastTail>GunTail_Heavy</soundCastTail>
        <muzzleFlashScale>9</muzzleFlashScale>
      </li>
    </verbs>
    <tools>
      <li>
        <label>stock</label>
        <capacities>
          <li>Blunt</li>
        </capacities>
        <power>9</power>
        <cooldownTime>2</cooldownTime>
      </li>
      <li>
        <label>barrel</label>
        <capacities>
          <li>Blunt</li>
          <li>Poke</li>
        </capacities>
        <power>9</power>
        <cooldownTime>2</cooldownTime>
      </li>
    </tools>
  </ThingDef>
  <ThingDef ParentName="BaseBullet">
    <defName>Bullet_CoachGun_Westerado</defName>
    <label>coach gun blast</label>
    <graphicData>
      <texPath>Things/Projectile/Bullet_Shotgun</texPath>
      <graphicClass>Graphic_Single</graphicClass>
    </graphicData>
    <projectile>
      <damageDef>Bullet</damageDef>
      <damageAmountBase>22</damageAmountBase>
      <stoppingPower>4</stoppingPower>
      <armorPenetrationBase>0.14</armorPenetrationBase>
      <speed>55</speed>
    </projectile>
  </ThingDef>
	
	<!-- ========================= Sawed-off coach gun ========================= -->
	
	<ThingDef ParentName="BaseHumanMakeableGun_Westerado">
    <defName>Gun_CoachGunSawed_Westerado</defName>
    <label>sawed-off coach gun</label>
    <description>An ancient design of double barrelled shotgun that emits a tight-packed spray of pellets. Deadly, but short range, and slow rate of fire. Sacrifices accuracy at long range for being more wieldy.</description>
    <graphicData>
      <texPath>Things/Item/Equipment/WeaponRanged/Sawedoff</texPath>
      <graphicClass>Graphic_Single</graphicClass>
    </graphicData>
    <soundInteract>Interact_Shotgun</soundInteract>
    <statBases>
      <WorkToMake>2800</WorkToMake>
      <Mass>1.8</Mass>
      <AccuracyTouch>0.85</AccuracyTouch>
      <AccuracyShort>0.85</AccuracyShort>
      <AccuracyMedium>0.50</AccuracyMedium>
      <AccuracyLong>0.20</AccuracyLong>
      <RangedWeapon_Cooldown>1.5</RangedWeapon_Cooldown>
    </statBases>
		<weaponTags>
			<li>Gun_Westerado</li>
    </weaponTags>
    <costList>
      <Gun_CoachGun_Westerado>1</Gun_CoachGun_Westerado>
			<ComponentIndustrial>1</ComponentIndustrial>
    </costList>
    <recipeMaker>
			<researchPrerequisite>BreakActionTech_Westerado</researchPrerequisite>
      <skillRequirements>
        <Crafting>4</Crafting>
      </skillRequirements>
    </recipeMaker>
    <verbs>
      <li>
        <verbClass>Verb_Shoot</verbClass>
        <hasStandardCommand>true</hasStandardCommand>
        <defaultProjectile>Bullet_CoachGunSawed_Westerado</defaultProjectile>
        <warmupTime>1.1</warmupTime>
        <range>15.9</range>
        <soundCast>Shot_DoubleBarrelShotgun_Westerado</soundCast>
        <soundCastTail>GunTail_Heavy</soundCastTail>
        <muzzleFlashScale>9</muzzleFlashScale>
      </li>
    </verbs>
    <tools>
      <li>
        <label>stock</label>
        <capacities>
          <li>Blunt</li>
        </capacities>
        <power>9</power>
        <cooldownTime>2</cooldownTime>
      </li>
      <li>
        <label>barrel</label>
        <capacities>
          <li>Blunt</li>
          <li>Poke</li>
        </capacities>
        <power>9</power>
        <cooldownTime>2</cooldownTime>
      </li>
    </tools>
  </ThingDef>
  <ThingDef ParentName="BaseBullet">
    <defName>Bullet_CoachGunSawed_Westerado</defName>
    <label>sawed-off coach gun blast</label>
    <graphicData>
      <texPath>Things/Projectile/Bullet_Shotgun</texPath>
      <graphicClass>Graphic_Single</graphicClass>
    </graphicData>
    <projectile>
      <damageDef>Bullet</damageDef>
      <damageAmountBase>22</damageAmountBase>
      <stoppingPower>4</stoppingPower>
      <armorPenetrationBase>0.14</armorPenetrationBase>
      <speed>55</speed>
    </projectile>
  </ThingDef>
	
	<!-- ========================= Holland & Holland Paradox ========================= -->
	
	<ThingDef ParentName="BaseHumanMakeableGun_Westerado">
    <defName>Gun_BreakActionShotgun_Westerado</defName>
    <label>break-action shotgun</label>
    <description>An ancient design of double barrelled shotgun that emits a tight-packed spray of pellets. Deadly, but short range, and slow rate of fire.</description>
    <graphicData>
      <texPath>Things/Item/Equipment/WeaponRanged/LionGun</texPath>
      <graphicClass>Graphic_Single</graphicClass>
    </graphicData>
		<equippedAngleOffset>45</equippedAngleOffset>
    <soundInteract>Interact_Shotgun</soundInteract>
    <statBases>
      <WorkToMake>13000</WorkToMake>
      <Mass>3.6</Mass>
      <AccuracyTouch>0.75</AccuracyTouch>
      <AccuracyShort>0.92</AccuracyShort>
      <AccuracyMedium>0.76</AccuracyMedium>
      <AccuracyLong>0.62</AccuracyLong>
      <RangedWeapon_Cooldown>1.7</RangedWeapon_Cooldown>
    </statBases>
		<weaponTags>
			<li>Gun_Westerado</li>
    </weaponTags>
    <costList>
      <Steel>55</Steel>
			<WoodLog>15</WoodLog>
      <ComponentIndustrial>2</ComponentIndustrial>
    </costList>
    <recipeMaker>
      <researchPrerequisite>BreakActionTech_Westerado</researchPrerequisite>
      <skillRequirements>
        <Crafting>5</Crafting>
      </skillRequirements>
    </recipeMaker>
    <verbs>
      <li>
        <verbClass>Verb_Shoot</verbClass>
        <hasStandardCommand>true</hasStandardCommand>
        <defaultProjectile>Bullet_BreakActionShotgun_Westerado</defaultProjectile>
        <warmupTime>1.7</warmupTime>
        <range>16.9</range>
        <soundCast>Shot_DoubleBarrelShotgun_Westerado</soundCast>
        <soundCastTail>GunTail_Heavy</soundCastTail>
        <muzzleFlashScale>9</muzzleFlashScale>
      </li>
    </verbs>
    <tools>
      <li>
        <label>stock</label>
        <capacities>
          <li>Blunt</li>
        </capacities>
        <power>9</power>
        <cooldownTime>2</cooldownTime>
      </li>
      <li>
        <label>barrel</label>
        <capacities>
          <li>Blunt</li>
          <li>Poke</li>
        </capacities>
        <power>9</power>
        <cooldownTime>2</cooldownTime>
      </li>
    </tools>
  </ThingDef>
  <ThingDef ParentName="BaseBullet">
    <defName>Bullet_BreakActionShotgun_Westerado</defName>
    <label>break-action shotgun blast</label>
    <graphicData>
      <texPath>Things/Projectile/Bullet_Shotgun</texPath>
      <graphicClass>Graphic_Single</graphicClass>
    </graphicData>
    <projectile>
      <damageDef>Bullet</damageDef>
      <damageAmountBase>22</damageAmountBase>
      <stoppingPower>4</stoppingPower>
      <armorPenetrationBase>0.16</armorPenetrationBase>
      <speed>60</speed>
    </projectile>
  </ThingDef>
	
	<!-- ========================= M1897 Shotgun ========================= -->
	
	<ThingDef ParentName="BaseHumanMakeableGun_Westerado">
    <defName>Gun_TrenchPumpShotgun_Westerado</defName>
    <label>trench gun</label>
    <description>An ancient design of pump shotgun that emits a tight-packed spray of pellets. Deadly, but short range.</description>
    <graphicData>
      <texPath>Things/Item/Equipment/WeaponRanged/TrenchPumpShotgun</texPath>
      <graphicClass>Graphic_Single</graphicClass>
    </graphicData>
    <soundInteract>Interact_Shotgun</soundInteract>
    <statBases>
      <WorkToMake>14000</WorkToMake>
      <Mass>3.6</Mass>
      <AccuracyTouch>0.80</AccuracyTouch>
      <AccuracyShort>0.85</AccuracyShort>
      <AccuracyMedium>0.75</AccuracyMedium>
      <AccuracyLong>0.65</AccuracyLong>
      <RangedWeapon_Cooldown>1.3</RangedWeapon_Cooldown>
    </statBases>
    <costList>
      <Steel>45</Steel>
			<WoodLog>10</WoodLog>
      <ComponentIndustrial>3</ComponentIndustrial>
    </costList>
    <recipeMaker>
			<researchPrerequisite>PumpActionTech_Westerado</researchPrerequisite>
      <skillRequirements>
        <Crafting>5</Crafting>
      </skillRequirements>
    </recipeMaker>
    <verbs>
      <li>
        <verbClass>Verb_Shoot</verbClass>
        <hasStandardCommand>true</hasStandardCommand>
        <defaultProjectile>Bullet_TrenchPumpShotgun_Westerado</defaultProjectile>
        <warmupTime>0.9</warmupTime>
        <range>14.9</range>
        <soundCast>Shot_Shotgun</soundCast>
        <soundCastTail>GunTail_Heavy</soundCastTail>
        <muzzleFlashScale>9</muzzleFlashScale>
      </li>
    </verbs>
    <tools>
      <li>
        <label>stock</label>
        <capacities>
          <li>Blunt</li>
        </capacities>
        <power>9</power>
        <cooldownTime>2</cooldownTime>
      </li>
      <li>
        <label>barrel</label>
        <capacities>
          <li>Blunt</li>
          <li>Poke</li>
        </capacities>
        <power>9</power>
        <cooldownTime>2</cooldownTime>
      </li>
    </tools>
		<weaponTags Inherit="False">
      <li>TrenchShotgun_Westerado</li>
    </weaponTags>
  </ThingDef>
  <ThingDef ParentName="BaseBullet">
    <defName>Bullet_TrenchPumpShotgun_Westerado</defName>
    <label>shotgun blast</label>
    <graphicData>
      <texPath>Things/Projectile/Bullet_Shotgun</texPath>
      <graphicClass>Graphic_Single</graphicClass>
    </graphicData>
    <projectile>
      <damageDef>Bullet</damageDef>
      <damageAmountBase>20</damageAmountBase>
      <stoppingPower>3</stoppingPower>
      <armorPenetrationBase>0.14</armorPenetrationBase>
      <speed>55</speed>
    </projectile>
  </ThingDef>
	
	<!-- ========================= 1887/1901 shotgun ========================= -->
	
	<ThingDef ParentName="BaseHumanMakeableGun_Westerado">
    <defName>Gun_LeverActionShotgun_Westerado</defName>
    <label>lever-action shotgun</label>
    <description>An ancient design of lever-action shotgun that emits a tight-packed spray of pellets. Deadly, but short range, decent rate-of-fire.</description>
    <graphicData>
      <texPath>Things/Item/Equipment/WeaponRanged/LeverActionShotgun</texPath>
      <graphicClass>Graphic_Single</graphicClass>
    </graphicData>
    <soundInteract>Interact_Shotgun</soundInteract>
    <statBases>
      <WorkToMake>14000</WorkToMake>
      <Mass>3.6</Mass>
      <AccuracyTouch>0.75</AccuracyTouch>
      <AccuracyShort>0.85</AccuracyShort>
      <AccuracyMedium>0.75</AccuracyMedium>
      <AccuracyLong>0.60</AccuracyLong>
      <RangedWeapon_Cooldown>1.10</RangedWeapon_Cooldown>
    </statBases>
		<weaponTags>
			<li>Gun_Westerado</li>
    </weaponTags>
    <costList>
      <Steel>40</Steel>
			<WoodLog>10</WoodLog>
			<ComponentIndustrial>2</ComponentIndustrial>
    </costList>
    <recipeMaker>
			<researchPrerequisite>RepeatingActionTech_Westerado</researchPrerequisite>
      <skillRequirements>
        <Crafting>5</Crafting>
      </skillRequirements>
    </recipeMaker>
    <verbs>
      <li>
        <verbClass>Verb_Shoot</verbClass>
        <hasStandardCommand>true</hasStandardCommand>
        <defaultProjectile>Bullet_LeverActionShotgun_Westerado</defaultProjectile>
        <warmupTime>0.9</warmupTime>
        <range>14.9</range>
        <soundCast>Shot_LeverActionShotgun_Westerado</soundCast>
        <soundCastTail>GunTail_Heavy</soundCastTail>
        <muzzleFlashScale>9</muzzleFlashScale>
      </li>
    </verbs>
    <tools>
      <li>
        <label>stock</label>
        <capacities>
          <li>Blunt</li>
        </capacities>
        <power>9</power>
        <cooldownTime>2</cooldownTime>
      </li>
      <li>
        <label>barrel</label>
        <capacities>
          <li>Blunt</li>
          <li>Poke</li>
        </capacities>
        <power>9</power>
        <cooldownTime>2</cooldownTime>
      </li>
    </tools>
  </ThingDef>
  <ThingDef ParentName="BaseBullet">
    <defName>Bullet_LeverActionShotgun_Westerado</defName>
    <label>lever-action shotgun blast</label>
    <graphicData>
      <texPath>Things/Projectile/Bullet_Shotgun</texPath>
      <graphicClass>Graphic_Single</graphicClass>
    </graphicData>
    <projectile>
      <damageDef>Bullet</damageDef>
      <damageAmountBase>16</damageAmountBase>
      <stoppingPower>2.5</stoppingPower>
      <armorPenetrationBase>0.12</armorPenetrationBase>
      <speed>60</speed>
    </projectile>
  </ThingDef>
	
	<!-- ========================= Sawed-off 1887/1901 shotgun  ========================= -->
	
	<ThingDef ParentName="BaseHumanMakeableGun_Westerado">
    <defName>Gun_LeverActionShotgunSawed_Westerado</defName>
    <label>sawed-off lever-action shotgun</label>
    <description>An ancient design of lever-action shotgun that emits a tight-packed spray of pellets. Deadly, but short range, decent rate-of-fire. Sacrifices accuracy at long range for being more wieldy.</description>
    <graphicData>
      <texPath>Things/Item/Equipment/WeaponRanged/LeverActionShotgunSawedOff</texPath>
      <graphicClass>Graphic_Single</graphicClass>
    </graphicData>
    <soundInteract>Interact_Shotgun</soundInteract>
    <statBases>
      <WorkToMake>7000</WorkToMake>
      <Mass>3.2</Mass>
      <AccuracyTouch>0.85</AccuracyTouch>
      <AccuracyShort>0.80</AccuracyShort>
      <AccuracyMedium>0.66</AccuracyMedium>
      <AccuracyLong>0.20</AccuracyLong>
      <RangedWeapon_Cooldown>1.10</RangedWeapon_Cooldown>
    </statBases>
		<weaponTags>
			<li>Gun_Westerado</li>
    </weaponTags>
    <costList>
      <Gun_LeverActionShotgun_Westerado>1</Gun_LeverActionShotgun_Westerado>
			<ComponentIndustrial>1</ComponentIndustrial>
    </costList>
    <recipeMaker>
			<researchPrerequisite>RepeatingActionTech_Westerado</researchPrerequisite>
      <skillRequirements>
        <Crafting>4</Crafting>
      </skillRequirements>
    </recipeMaker>
    <verbs>
      <li>
        <verbClass>Verb_Shoot</verbClass>
        <hasStandardCommand>true</hasStandardCommand>
        <defaultProjectile>Bullet_LeverActionShotgunSawed_Westerado</defaultProjectile>
        <warmupTime>0.9</warmupTime>
        <range>14.9</range>
        <soundCast>Shot_LeverActionShotgun_Westerado</soundCast>
        <soundCastTail>GunTail_Heavy</soundCastTail>
        <muzzleFlashScale>9</muzzleFlashScale>
      </li>
    </verbs>
    <tools>
      <li>
        <label>stock</label>
        <capacities>
          <li>Blunt</li>
        </capacities>
        <power>9</power>
        <cooldownTime>2</cooldownTime>
      </li>
      <li>
        <label>barrel</label>
        <capacities>
          <li>Blunt</li>
          <li>Poke</li>
        </capacities>
        <power>9</power>
        <cooldownTime>2</cooldownTime>
      </li>
    </tools>
  </ThingDef>
  <ThingDef ParentName="BaseBullet">
    <defName>Bullet_LeverActionShotgunSawed_Westerado</defName>
    <label>sawed-off lever-action shotgun blast</label>
    <graphicData>
      <texPath>Things/Projectile/Bullet_Shotgun</texPath>
      <graphicClass>Graphic_Single</graphicClass>
    </graphicData>
    <projectile>
      <damageDef>Bullet</damageDef>
      <damageAmountBase>16</damageAmountBase>
      <stoppingPower>2.5</stoppingPower>
      <armorPenetrationBase>0.12</armorPenetrationBase>
      <speed>50</speed>
    </projectile>
  </ThingDef>
	
	<!-- ========================= Mare's leg 1887/1901 shotgun  ========================= -->
	
	<ThingDef ParentName="BaseHumanMakeableGun_Westerado">
    <defName>Gun_MaresLegShotgun_Westerado</defName>
    <label>mare's leg shotgun</label>
    <description>An ancient design of lever-action shotgun that emits a tight-packed spray of pellets. Deadly, but short range, decent rate-of-fire. Sacrifices accuracy at long range for being generally awesome.</description>
    <graphicData>
      <texPath>Things/Item/Equipment/WeaponRanged/LeverActionShotgunShort</texPath>
      <graphicClass>Graphic_Single</graphicClass>
    </graphicData>
    <soundInteract>Interact_Shotgun</soundInteract>
    <statBases>
      <WorkToMake>11000</WorkToMake>
      <Mass>2.4</Mass>
      <AccuracyTouch>0.85</AccuracyTouch>
      <AccuracyShort>0.80</AccuracyShort>
      <AccuracyMedium>0.55</AccuracyMedium>
      <AccuracyLong>0.33</AccuracyLong>
      <RangedWeapon_Cooldown>1.05</RangedWeapon_Cooldown>
    </statBases>
		<weaponTags>
			<li>Gun_Westerado</li>
    </weaponTags>
    <costList>
      <Gun_LeverActionShotgun_Westerado>1</Gun_LeverActionShotgun_Westerado>
			<ComponentIndustrial>1</ComponentIndustrial>
    </costList>
    <recipeMaker>
			<researchPrerequisite>RepeatingActionTech_Westerado</researchPrerequisite>
      <skillRequirements>
        <Crafting>4</Crafting>
      </skillRequirements>
    </recipeMaker>
    <verbs>
      <li>
        <verbClass>Verb_Shoot</verbClass>
        <hasStandardCommand>true</hasStandardCommand>
        <defaultProjectile>Bullet_MaresLegShotgun_Westerado</defaultProjectile>
        <warmupTime>0.9</warmupTime>
        <range>14.9</range>
        <soundCast>Shot_LeverActionShotgun_Westerado</soundCast>
        <soundCastTail>GunTail_Heavy</soundCastTail>
        <muzzleFlashScale>9</muzzleFlashScale>
      </li>
    </verbs>
    <tools>
      <li>
        <label>stock</label>
        <capacities>
          <li>Blunt</li>
        </capacities>
        <power>9</power>
        <cooldownTime>2</cooldownTime>
      </li>
      <li>
        <label>barrel</label>
        <capacities>
          <li>Blunt</li>
          <li>Poke</li>
        </capacities>
        <power>9</power>
        <cooldownTime>2</cooldownTime>
      </li>
    </tools>
  </ThingDef>
  <ThingDef ParentName="BaseBullet">
    <defName>Bullet_MaresLegShotgun_Westerado</defName>
    <label>mare's leg blast</label>
    <graphicData>
      <texPath>Things/Projectile/Bullet_Shotgun</texPath>
      <graphicClass>Graphic_Single</graphicClass>
    </graphicData>
    <projectile>
      <damageDef>Bullet</damageDef>
      <damageAmountBase>16</damageAmountBase>
      <stoppingPower>2.5</stoppingPower>
      <armorPenetrationBase>0.12</armorPenetrationBase>
      <speed>55</speed>
    </projectile>
  </ThingDef>
	
	<!-- =========================             ========================= -->
	<!-- ========================= Long rifles ========================= -->
	<!-- =========================             ========================= -->
	
	<!-- ========================= Musket Rifle ========================= -->
	
	<ThingDef ParentName="BaseHumanMakeableGun_Westerado">
    <defName>Gun_MusketRifle_Westerado</defName>
    <label>musket rifle</label>
    <description>An ancient pattern musket rifle. Has a decent range, but a very low fire rate. When it finds its target it packs quite the punch.</description>
    <graphicData>
      <texPath>Things/Item/Equipment/WeaponRanged/MusketRifle</texPath>
      <graphicClass>Graphic_Single</graphicClass>
    </graphicData>
    <soundInteract>Interact_Rifle</soundInteract>
    <statBases>
      <WorkToMake>12500</WorkToMake>
      <Mass>4.1</Mass>
      <AccuracyTouch>0.60</AccuracyTouch>
      <AccuracyShort>0.75</AccuracyShort>
      <AccuracyMedium>0.80</AccuracyMedium>
      <AccuracyLong>0.70</AccuracyLong>
      <RangedWeapon_Cooldown>2.5</RangedWeapon_Cooldown>
    </statBases>
    <costList>
			<WoodLog>10</WoodLog>
      <Steel>60</Steel>
      <ComponentIndustrial>3</ComponentIndustrial>
    </costList>
    <recipeMaker>
			<researchPrerequisite>Gunsmithing</researchPrerequisite>
      <skillRequirements>
        <Crafting>4</Crafting>
      </skillRequirements>
			<recipeUsers>
				<li>TableMachining</li>
				<li>FueledSmithy</li>
        <li>ElectricSmithy</li>
      </recipeUsers>
    </recipeMaker>
    <verbs>
      <li>
        <verbClass>Verb_Shoot</verbClass>
        <hasStandardCommand>true</hasStandardCommand>
        <defaultProjectile>Bullet_MusketRifle_Westerado</defaultProjectile>
        <warmupTime>2.5</warmupTime>
        <range>33.9</range>
        <soundCast>Shot_Flintlock_Westerado</soundCast>
        <soundCastTail>GunTail_Heavy</soundCastTail>
        <muzzleFlashScale>9</muzzleFlashScale>
      </li>
    </verbs>
		<weaponTags Inherit="False">
			<li>GunOld_Westerado</li>
		</weaponTags>
    <tools>
      <li>
        <label>stock</label>
        <capacities>
          <li>Blunt</li>
        </capacities>
        <power>9</power>
        <cooldownTime>2</cooldownTime>
      </li>
      <li>
        <label>barrel</label>
        <capacities>
          <li>Blunt</li>
          <li>Poke</li>
        </capacities>
        <power>9</power>
        <cooldownTime>2</cooldownTime>
      </li>
    </tools>
  </ThingDef>
  <ThingDef ParentName="BaseBullet">
    <defName>Bullet_MusketRifle_Westerado</defName>
    <label>musket rifle bullet</label>
    <projectile>
      <damageDef>Bullet</damageDef>
      <damageAmountBase>20</damageAmountBase>
      <stoppingPower>1.75</stoppingPower>
      <speed>70</speed>
    </projectile>
    <graphicData>
      <texPath>Things/Projectile/Bullet_big</texPath>
      <graphicClass>Graphic_Single</graphicClass>
    </graphicData>
  </ThingDef>
	
	<!-- ========================= Musket Rifle - Bayonet ========================= -->
	
	<ThingDef ParentName="BaseHumanMakeableGun_Westerado">
    <defName>Gun_MusketRifleBayonet_Westerado</defName>
    <label>bayoneted musket rifle</label>
    <description>An ancient pattern musket rifle with a bayonet. Has a decent range, but a very low fire rate. When it finds its target it packs quite the punch.</description>
    <graphicData>
      <texPath>Things/Item/Equipment/WeaponRanged/MusketRifleBayonet</texPath>
      <graphicClass>Graphic_Single</graphicClass>
    </graphicData>
		<equippedAngleOffset>45</equippedAngleOffset>
    <soundInteract>Interact_Rifle</soundInteract>
    <statBases>
      <WorkToMake>6000</WorkToMake>
      <Mass>4.2</Mass>
      <AccuracyTouch>0.60</AccuracyTouch>
      <AccuracyShort>0.75</AccuracyShort>
      <AccuracyMedium>0.78</AccuracyMedium>
      <AccuracyLong>0.68</AccuracyLong>
      <RangedWeapon_Cooldown>2.5</RangedWeapon_Cooldown>
    </statBases>
    <costList>
			<Gun_MusketRifle_Westerado>1</Gun_MusketRifle_Westerado>
      <Steel>30</Steel>
      <ComponentIndustrial>1</ComponentIndustrial>
    </costList>
    <recipeMaker>
			<researchPrerequisite>Gunsmithing</researchPrerequisite>
      <skillRequirements>
        <Crafting>4</Crafting>
      </skillRequirements>
			<recipeUsers>
				<li>TableMachining</li>
				<li>FueledSmithy</li>
        <li>ElectricSmithy</li>
      </recipeUsers>
    </recipeMaker>
    <verbs>
      <li>
        <verbClass>Verb_Shoot</verbClass>
        <hasStandardCommand>true</hasStandardCommand>
        <defaultProjectile>Bullet_MusketRifle_Westerado</defaultProjectile>
        <warmupTime>2.5</warmupTime>
        <range>33.9</range>
        <soundCast>Shot_Flintlock_Westerado</soundCast>
        <soundCastTail>GunTail_Heavy</soundCastTail>
        <muzzleFlashScale>9</muzzleFlashScale>
      </li>
    </verbs>
		<weaponTags Inherit="False">
			<li>GunOld_Westerado</li>
		</weaponTags>
    <tools>
      <li>
        <label>stock</label>
        <capacities>
          <li>Blunt</li>
        </capacities>
        <power>9</power>
        <cooldownTime>2</cooldownTime>
      </li>
      <li>
        <label>bayonet</label>
        <capacities>
          <li>Stab</li>
        </capacities>
        <power>20</power>
        <armorPenetration>0.33</armorPenetration>
        <cooldownTime>2.7</cooldownTime>
      </li>
    </tools>
  </ThingDef>
	
	<!-- ========================= Musket Rifle - Decorated ========================= -->
	
	<ThingDef ParentName="BaseGunWithQuality_Westerado">
    <defName>Gun_MusketRifleDecorated_Westerado</defName>
    <label>decorated musket rifle</label>
    <description>An ancient pattern musket rifle, decorated by First Nation tribes. Has a decent range, but a very low fire rate. When it finds its target it packs quite the punch.</description>
    <graphicData>
      <texPath>Things/Item/Equipment/WeaponRanged/MusketRifleFeather</texPath>
      <graphicClass>Graphic_Single</graphicClass>
    </graphicData>
    <soundInteract>Interact_Rifle</soundInteract>
    <statBases>
      <MarketValue>350</MarketValue>
      <Mass>4.2</Mass>
      <AccuracyTouch>0.65</AccuracyTouch>
      <AccuracyShort>0.80</AccuracyShort>
      <AccuracyMedium>0.85</AccuracyMedium>
      <AccuracyLong>0.75</AccuracyLong>
      <RangedWeapon_Cooldown>2.5</RangedWeapon_Cooldown>
    </statBases>
    <verbs>
      <li>
        <verbClass>Verb_Shoot</verbClass>
        <hasStandardCommand>true</hasStandardCommand>
        <defaultProjectile>Bullet_MusketRifleDecorated_Westerado</defaultProjectile>
        <warmupTime>2.5</warmupTime>
        <range>33.9</range>
        <soundCast>Shot_Flintlock_Westerado</soundCast>
        <soundCastTail>GunTail_Heavy</soundCastTail>
        <muzzleFlashScale>9</muzzleFlashScale>
      </li>
    </verbs>
		<techLevel>Medieval</techLevel>
    <!--<menuHidden>True</menuHidden>-->
    <generateCommonality>0.5</generateCommonality>
    <tradeability>Sellable</tradeability>
		<weaponTags Inherit="False">
			<li>GunFirstNation_Westerado</li>
		</weaponTags>
    <tools>
      <li>
        <label>stock</label>
        <capacities>
          <li>Blunt</li>
        </capacities>
        <power>9</power>
        <cooldownTime>2</cooldownTime>
      </li>
      <li>
        <label>barrel</label>
        <capacities>
          <li>Blunt</li>
          <li>Poke</li>
        </capacities>
        <power>9</power>
        <cooldownTime>2</cooldownTime>
      </li>
    </tools>
  </ThingDef>
  <ThingDef ParentName="BaseBullet">
    <defName>Bullet_MusketRifleDecorated_Westerado</defName>
    <label>musket rifle bullet</label>
    <projectile>
      <damageDef>Bullet</damageDef>
      <damageAmountBase>20</damageAmountBase>
      <stoppingPower>1.75</stoppingPower>
      <speed>70</speed>
    </projectile>
    <graphicData>
      <texPath>Things/Projectile/Bullet_big</texPath>
      <graphicClass>Graphic_Single</graphicClass>
    </graphicData>
  </ThingDef>
	
	<!-- ========================= Percussion Rifle ========================= -->
	
	<ThingDef ParentName="BaseHumanMakeableGun_Westerado">
    <defName>Gun_PercussionRifle_Westerado</defName>
    <label>percussion rifle</label>
    <description>An ancient pattern percussion lock rifle. Decent range, and low fire rate.</description>
    <graphicData>
      <texPath>Things/Item/Equipment/WeaponRanged/PercussionRifle</texPath>
      <graphicClass>Graphic_Single</graphicClass>
    </graphicData>
    <soundInteract>Interact_Rifle</soundInteract>
    <statBases>
      <WorkToMake>13000</WorkToMake>
      <Mass>4.8</Mass>
      <AccuracyTouch>0.65</AccuracyTouch>
      <AccuracyShort>0.75</AccuracyShort>
      <AccuracyMedium>0.85</AccuracyMedium>
      <AccuracyLong>0.65</AccuracyLong>
      <RangedWeapon_Cooldown>2.25</RangedWeapon_Cooldown>
    </statBases>
    <costList>
			<WoodLog>10</WoodLog>
      <Steel>60</Steel>
      <ComponentIndustrial>3</ComponentIndustrial>
    </costList>
    <recipeMaker>
			<researchPrerequisite>PercussionTech_Westerado</researchPrerequisite>
      <skillRequirements>
        <Crafting>4</Crafting>
      </skillRequirements>
    </recipeMaker>
    <verbs>
      <li>
        <verbClass>Verb_Shoot</verbClass>
        <hasStandardCommand>true</hasStandardCommand>
        <defaultProjectile>Bullet_PercussionRifle_Westerado</defaultProjectile>
        <warmupTime>2.25</warmupTime>
        <range>34.9</range>
        <soundCast>Shot_BoltActionRifle</soundCast>
        <soundCastTail>GunTail_Heavy</soundCastTail>
        <muzzleFlashScale>9</muzzleFlashScale>
      </li>
    </verbs>
		<weaponTags Inherit="False">
			<li>GunOld_Westerado</li>
		</weaponTags>
    <tools>
      <li>
        <label>stock</label>
        <capacities>
          <li>Blunt</li>
        </capacities>
        <power>9</power>
        <cooldownTime>2</cooldownTime>
      </li>
      <li>
        <label>barrel</label>
        <capacities>
          <li>Blunt</li>
          <li>Poke</li>
        </capacities>
        <power>9</power>
        <cooldownTime>2</cooldownTime>
      </li>
    </tools>
  </ThingDef>
  <ThingDef ParentName="BaseBullet">
    <defName>Bullet_PercussionRifle_Westerado</defName>
    <label>percussion rifle bullet</label>
    <projectile>
      <damageDef>Bullet</damageDef>
      <damageAmountBase>20</damageAmountBase>
      <stoppingPower>1.75</stoppingPower>
      <speed>70</speed>
    </projectile>
    <graphicData>
      <texPath>Things/Projectile/Bullet_big</texPath>
      <graphicClass>Graphic_Single</graphicClass>
    </graphicData>
  </ThingDef>
	
	<!-- ========================= Martini-Henry Rifle ========================= -->
	
	<ThingDef ParentName="BaseHumanMakeableGun_Westerado">
    <defName>Gun_BreechblockRifle_Westerado</defName>
    <label>breechblock rifle</label>
    <description>An ancient pattern breech-block rifle. With its long range, and somewhat low fire rate, it is good for the aspiring marksman.</description>
    <graphicData>
      <texPath>Things/Item/Equipment/WeaponRanged/Martini</texPath>
      <graphicClass>Graphic_Single</graphicClass>
    </graphicData>
    <soundInteract>Interact_Rifle</soundInteract>
    <statBases>
      <WorkToMake>12000</WorkToMake>
      <Mass>3.82</Mass>
      <AccuracyTouch>0.65</AccuracyTouch>
      <AccuracyShort>0.80</AccuracyShort>
      <AccuracyMedium>0.90</AccuracyMedium>
      <AccuracyLong>0.80</AccuracyLong>
      <RangedWeapon_Cooldown>1.5</RangedWeapon_Cooldown>
    </statBases>
    <costList>
			<WoodLog>5</WoodLog>
      <Steel>50</Steel>
      <ComponentIndustrial>2</ComponentIndustrial>
    </costList>
    <recipeMaker>
			<researchPrerequisite>SingleActionTech_Westerado</researchPrerequisite>
      <skillRequirements>
        <Crafting>5</Crafting>
      </skillRequirements>
    </recipeMaker>
    <verbs>
      <li>
        <verbClass>Verb_Shoot</verbClass>
        <hasStandardCommand>true</hasStandardCommand>
        <defaultProjectile>Bullet_BreechblockRifle_Westerado</defaultProjectile>
        <warmupTime>1.7</warmupTime>
        <range>36.9</range>
        <soundCast>Shot_BoltActionRifle</soundCast>
        <soundCastTail>GunTail_Heavy</soundCastTail>
        <muzzleFlashScale>9</muzzleFlashScale>
      </li>
    </verbs>
		<weaponTags>
			<li>Gun_Westerado</li>
		</weaponTags>
    <tools>
      <li>
        <label>stock</label>
        <capacities>
          <li>Blunt</li>
        </capacities>
        <power>9</power>
        <cooldownTime>2</cooldownTime>
      </li>
      <li>
        <label>barrel</label>
        <capacities>
          <li>Blunt</li>
          <li>Poke</li>
        </capacities>
        <power>9</power>
        <cooldownTime>2</cooldownTime>
      </li>
    </tools>
  </ThingDef>
  <ThingDef ParentName="BaseBullet">
    <defName>Bullet_BreechblockRifle_Westerado</defName>
    <label>breechblock rifle bullet</label>
    <projectile>
      <damageDef>Bullet</damageDef>
      <damageAmountBase>18</damageAmountBase>
      <stoppingPower>1.5</stoppingPower>
      <speed>70</speed>
    </projectile>
    <graphicData>
      <texPath>Things/Projectile/Bullet_big</texPath>
      <graphicClass>Graphic_Single</graphicClass>
    </graphicData>
  </ThingDef>
	
	<!-- ========================= Henry Rifle ========================= -->
	
	<ThingDef ParentName="BaseHumanMakeableGun_Westerado">
    <defName>Gun_RepeatingRifle_Westerado</defName>
    <label>repeating rifle</label>
    <description>A general-purpose lever-action rifle for field or urban combat. It has good range, decent power, and good accuracy.</description>
    <graphicData>
      <texPath>Things/Item/Equipment/WeaponRanged/Repeater</texPath>
      <graphicClass>Graphic_Single</graphicClass>
    </graphicData>
		<equippedAngleOffset>45</equippedAngleOffset>
    <soundInteract>Interact_Rifle</soundInteract>
    <statBases>
      <WorkToMake>40000</WorkToMake>
      <Mass>4.2</Mass>
      <AccuracyTouch>0.60</AccuracyTouch>
      <AccuracyShort>0.70</AccuracyShort>
      <AccuracyMedium>0.65</AccuracyMedium>
      <AccuracyLong>0.55</AccuracyLong>
      <RangedWeapon_Cooldown>1.60</RangedWeapon_Cooldown>
    </statBases>
    <costList>
			<WoodLog>10</WoodLog>
      <Steel>60</Steel>
      <ComponentIndustrial>5</ComponentIndustrial>
    </costList>
		<recipeMaker>
      <researchPrerequisite>RepeatingActionTech_Westerado</researchPrerequisite>
      <skillRequirements>
        <Crafting>6</Crafting>
      </skillRequirements>
    </recipeMaker>
    <verbs>
      <li>
        <verbClass>Verb_Shoot</verbClass>
        <hasStandardCommand>true</hasStandardCommand>
        <defaultProjectile>Bullet_RepeatingRifle_Westerado</defaultProjectile>
        <warmupTime>1.1</warmupTime>
        <range>30.9</range>
        <soundCast>Shot_RepeatingRifle_Westerado</soundCast>
        <soundCastTail>GunTail_Medium</soundCastTail>
        <muzzleFlashScale>9</muzzleFlashScale>
      </li>
    </verbs>
		<weaponTags>
			<li>Gun_Westerado</li>
		</weaponTags>
    <tools>
      <li>
        <label>stock</label>
        <capacities>
          <li>Blunt</li>
        </capacities>
        <power>9</power>
        <cooldownTime>2</cooldownTime>
      </li>
      <li>
        <label>barrel</label>
        <capacities>
          <li>Blunt</li>
          <li>Poke</li>
        </capacities>
        <power>9</power>
        <cooldownTime>2</cooldownTime>
      </li>
    </tools>
  </ThingDef>
  <ThingDef ParentName="BaseBullet">
    <defName>Bullet_RepeatingRifle_Westerado</defName>
    <label>repeating rifle bullet</label>
    <graphicData>
      <texPath>Things/Projectile/Bullet_Small</texPath>
      <graphicClass>Graphic_Single</graphicClass>
    </graphicData>
    <projectile>
      <damageDef>Bullet</damageDef>
      <damageAmountBase>11</damageAmountBase>
      <speed>70</speed>
    </projectile>
  </ThingDef>
	
	<!-- ========================= Henry Rifle - Decorated ========================= -->
	
	<ThingDef ParentName="BaseGunWithQuality_Westerado">
    <defName>Gun_RepeatingRifleDecorated_Westerado</defName>
    <label>decorated repeating rifle</label>
    <description>A general-purpose lever-action rifle for field or urban combat, decorated by First Nation tribes. It has good range, decent power, and good accuracy.</description>
    <graphicData>
      <texPath>Things/Item/Equipment/WeaponRanged/RepeaterFeather</texPath>
      <graphicClass>Graphic_Single</graphicClass>
    </graphicData>
		<equippedAngleOffset>45</equippedAngleOffset>
    <soundInteract>Interact_Rifle</soundInteract>
    <statBases>
      <MarketValue>550</MarketValue>
      <Mass>4.25</Mass>
      <AccuracyTouch>0.65</AccuracyTouch>
      <AccuracyShort>0.75</AccuracyShort>
      <AccuracyMedium>0.70</AccuracyMedium>
      <AccuracyLong>0.60</AccuracyLong>
      <RangedWeapon_Cooldown>1.60</RangedWeapon_Cooldown>
    </statBases>
    <verbs>
      <li>
        <verbClass>Verb_Shoot</verbClass>
        <hasStandardCommand>true</hasStandardCommand>
        <defaultProjectile>Bullet_RepeatingRifleDecorated_Westerado</defaultProjectile>
        <warmupTime>1.1</warmupTime>
        <range>30.9</range>
        <soundCast>Shot_RepeatingRifle_Westerado</soundCast>
        <soundCastTail>GunTail_Medium</soundCastTail>
        <muzzleFlashScale>9</muzzleFlashScale>
      </li>
    </verbs>
		<techLevel>Medieval</techLevel>
    <!--<menuHidden>True</menuHidden>-->
    <generateCommonality>0.75</generateCommonality>
    <tradeability>Sellable</tradeability>
		<weaponTags Inherit="False">
			<li>GunFirstNation_Westerado</li>
		</weaponTags>
    <tools>
      <li>
        <label>stock</label>
        <capacities>
          <li>Blunt</li>
        </capacities>
        <power>9</power>
        <cooldownTime>2</cooldownTime>
      </li>
      <li>
        <label>barrel</label>
        <capacities>
          <li>Blunt</li>
          <li>Poke</li>
        </capacities>
        <power>9</power>
        <cooldownTime>2</cooldownTime>
      </li>
    </tools>
  </ThingDef>
  <ThingDef ParentName="BaseBullet">
    <defName>Bullet_RepeatingRifleDecorated_Westerado</defName>
    <label>decorated repeating rifle bullet</label>
    <projectile>
      <damageDef>Bullet</damageDef>
      <damageAmountBase>11</damageAmountBase>
      <speed>70</speed>
    </projectile>
    <graphicData>
      <texPath>Things/Projectile/Bullet_Small</texPath>
      <graphicClass>Graphic_Single</graphicClass>
    </graphicData>
  </ThingDef>
	
	<!-- ========================= Bolt-action Sniper Rifle ========================= -->
	
	<ThingDef ParentName="BaseHumanMakeableGun_Westerado">
    <defName>Gun_BoltActionSniperRifle_Westerado</defName>
    <label>bolt-action sniper rifle</label>
    <description>Ancient pattern bolt-action rifle with sniper optics. Very long range, good accuracy and power, low rate of fire.</description>
    <graphicData>
      <texPath>Things/Item/Equipment/WeaponRanged/BoltActionScope</texPath>
      <graphicClass>Graphic_Single</graphicClass>
    </graphicData>
    <soundInteract>Interact_Rifle</soundInteract>
    <statBases>
      <WorkToMake>22000</WorkToMake>
      <Mass>3.8</Mass>
      <AccuracyTouch>0.45</AccuracyTouch>
      <AccuracyShort>0.65</AccuracyShort>
      <AccuracyMedium>0.85</AccuracyMedium>
      <AccuracyLong>0.85</AccuracyLong>
      <RangedWeapon_Cooldown>2.3</RangedWeapon_Cooldown>
    </statBases>
    <costList>
      <Gun_BoltActionRifle>1</Gun_BoltActionRifle>
			<Steel>15</Steel>
			<ComponentIndustrial>5</ComponentIndustrial>
    </costList>
		<recipeMaker>
      <researchPrerequisite>BoltActionTech_Westerado</researchPrerequisite>
      <skillRequirements>
        <Crafting>7</Crafting>
      </skillRequirements>
    </recipeMaker>
    <verbs>
      <li>
        <verbClass>Verb_Shoot</verbClass>
        <hasStandardCommand>true</hasStandardCommand>
        <defaultProjectile>Bullet_BoltActionSniperRifle_Westerado</defaultProjectile>
        <warmupTime>2.3</warmupTime>
        <range>38.9</range>
        <soundCast>Shot_BoltActionRifle</soundCast>
        <soundCastTail>GunTail_Heavy</soundCastTail>
        <muzzleFlashScale>9</muzzleFlashScale>
      </li>
    </verbs>
    <tools>
      <li>
        <label>stock</label>
        <capacities>
          <li>Blunt</li>
        </capacities>
        <power>9</power>
        <cooldownTime>2</cooldownTime>
      </li>
      <li>
        <label>barrel</label>
        <capacities>
          <li>Blunt</li>
          <li>Poke</li>
        </capacities>
        <power>9</power>
        <cooldownTime>2</cooldownTime>
      </li>
    </tools>
    <weaponTags Inherit="False">
      <li>SniperRifle_Westerado</li>
    </weaponTags>
  </ThingDef>
  <ThingDef ParentName="BaseBullet">
    <defName>Bullet_BoltActionSniperRifle_Westerado</defName>
    <label>bolt-action sniper rifle bullet</label>
    <graphicData>
      <texPath>Things/Projectile/Bullet_Big</texPath>
      <graphicClass>Graphic_Single</graphicClass>
    </graphicData>
    <projectile>
      <damageDef>Bullet</damageDef>
      <damageAmountBase>18</damageAmountBase>
      <stoppingPower>1.5</stoppingPower>
      <speed>70</speed>
    </projectile>
  </ThingDef>
	
	<!-- ========================= Sharps 1874 Long Range ========================= -->
	
	<ThingDef ParentName="BaseHumanMakeableGun_Westerado">
    <defName>Gun_BreechblockSniperRifle_Westerado</defName>
    <label>breechblock sniper rifle</label>
    <description>Ancient pattern breechblock rifle with long-range optics. Long range, good accuracy and power, very low rate of fire.</description>
    <graphicData>
      <texPath>Things/Item/Equipment/WeaponRanged/SharpsRifle</texPath>
      <graphicClass>Graphic_Single</graphicClass>
    </graphicData>
		<equippedAngleOffset>45</equippedAngleOffset>
    <soundInteract>Interact_Rifle</soundInteract>
    <statBases>
      <WorkToMake>32000</WorkToMake>
      <Mass>4.3</Mass>
      <AccuracyTouch>0.40</AccuracyTouch>
      <AccuracyShort>0.65</AccuracyShort>
      <AccuracyMedium>0.88</AccuracyMedium>
      <AccuracyLong>0.78</AccuracyLong>
      <RangedWeapon_Cooldown>3.2</RangedWeapon_Cooldown>
    </statBases>
    <costList>
      <WoodLog>15</WoodLog>
      <Steel>65</Steel>
      <ComponentIndustrial>6</ComponentIndustrial>
    </costList>
		<recipeMaker>
      <researchPrerequisite>SingleActionTech_Westerado</researchPrerequisite>
      <skillRequirements>
        <Crafting>7</Crafting>
      </skillRequirements>
    </recipeMaker>
    <verbs>
      <li>
        <verbClass>Verb_Shoot</verbClass>
        <hasStandardCommand>true</hasStandardCommand>
        <defaultProjectile>Bullet_BreechblockSniperRifle_Westerado</defaultProjectile>
        <warmupTime>3.2</warmupTime>
        <range>35.9</range>
        <soundCast>Shot_BoltActionRifle</soundCast>
        <soundCastTail>GunTail_Heavy</soundCastTail>
        <muzzleFlashScale>9</muzzleFlashScale>
      </li>
    </verbs>
    <tools>
      <li>
        <label>stock</label>
        <capacities>
          <li>Blunt</li>
        </capacities>
        <power>9</power>
        <cooldownTime>2</cooldownTime>
      </li>
      <li>
        <label>barrel</label>
        <capacities>
          <li>Blunt</li>
          <li>Poke</li>
        </capacities>
        <power>9</power>
        <cooldownTime>2</cooldownTime>
      </li>
    </tools>
    <weaponTags Inherit="False">
      <li>SniperRifle_Westerado</li>
    </weaponTags>
  </ThingDef>
  <ThingDef ParentName="BaseBullet">
    <defName>Bullet_BreechblockSniperRifle_Westerado</defName>
    <label>breechblock sniper rifle bullet</label>
    <graphicData>
      <texPath>Things/Projectile/Bullet_Big</texPath>
      <graphicClass>Graphic_Single</graphicClass>
    </graphicData>
    <projectile>
      <damageDef>Bullet</damageDef>
      <damageAmountBase>19</damageAmountBase>
      <stoppingPower>1.35</stoppingPower>
      <speed>75</speed>
    </projectile>
  </ThingDef>
  
</Defs>
