﻿<?xml version="1.0" encoding="utf-8" ?>
<Defs>

	<!--=============================== Dysentery ================================-->

  <HediffDef ParentName="InfectionBase">
    <defName>Dysentery_Westerado</defName>
    <hediffClass>HediffWithComps</hediffClass>
    <label>dysentery</label>
    <makesSickThought>true</makesSickThought>
    <lethalSeverity>1</lethalSeverity>
    <tendable>true</tendable>
    <comps>
      <li Class="HediffCompProperties_TendDuration">
        <baseTendDurationHours>32</baseTendDurationHours>
        <severityPerDayTended>-0.0882</severityPerDayTended>
      </li>
      <li Class="HediffCompProperties_Immunizable">
        <severityPerDayNotImmune>0.1888</severityPerDayNotImmune>
        <immunityPerDaySick>0.2888</immunityPerDaySick>
        <severityPerDayImmune>-0.6888</severityPerDayImmune>
        <immunityPerDayNotSick>-0.06</immunityPerDayNotSick>
      </li>
    </comps>
		<stages>
      <li>
        <painOffset>0.2</painOffset>
        <label>mild pain</label>
        <restFallFactorOffset>0.66</restFallFactorOffset>
				<vomitMtbDays>2.0</vomitMtbDays>
        <capMods>
          <li>
            <capacity>Manipulation</capacity>
            <offset>-0.9</offset>
          </li>
					<li>
            <capacity>Metabolism</capacity>
            <offset>-0.9</offset>
          </li>
          <li>
            <capacity>Moving</capacity>
            <offset>-0.9</offset>
          </li>
          <li>
            <capacity>BloodPumping</capacity>
            <offset>-0.9</offset>
          </li>
        </capMods>
      </li>
      <li>
        <minSeverity>0.75</minSeverity>
        <label>intense pain</label>
        <painOffset>0.6</painOffset>
				<hungerRateFactorOffset>1</hungerRateFactorOffset>
        <vomitMtbDays>1.0</vomitMtbDays>
        <restFallFactorOffset>1.25</restFallFactorOffset>
				<lifeThreatening>true</lifeThreatening>
        <capMods>
          <li>
            <capacity>Manipulation</capacity>
            <offset>-0.5</offset>
          </li>
					<li>
            <capacity>Metabolism</capacity>
            <offset>-0.5</offset>
          </li>
          <li>
            <capacity>Moving</capacity>
            <offset>-0.5</offset>
          </li>
          <li>
            <capacity>BloodPumping</capacity>
            <offset>-0.5</offset>
          </li>
        </capMods>
      </li>
    </stages>
  </HediffDef>
	
	<!--=====================================================================-->
  <!--========================== Venom n' Shit ============================-->
  <!--=====================================================================-->
	
	<!--========================== Gila Monster ==========================-->
	
	<HediffDef>
    <defName>GilaMonsterVenom_Westerado</defName>
    <defaultLabelColor>(5, 193, 8)</defaultLabelColor>
    <label>gila monster venom</label>
    <hediffClass>HediffWithComps</hediffClass>
    <makesSickThought>true</makesSickThought>
    <scenarioCanAdd>true</scenarioCanAdd>
    <tendable>true</tendable>
    <comps>
      <li Class="HediffCompProperties_TendDuration">
        <baseTendDurationHours>12</baseTendDurationHours>
        <severityPerDayTended>-0.45</severityPerDayTended>
      </li>
      <li Class="HediffCompProperties_Immunizable">
        <immunityPerDayNotSick>-0.20</immunityPerDayNotSick>
        <immunityPerDaySick>-0.20</immunityPerDaySick>
        <severityPerDayNotImmune>-0.10</severityPerDayNotImmune>
        <severityPerDayImmune>-0.65</severityPerDayImmune>
      </li>
    </comps>
    <stages>
      <li>
        <label>initial</label>
        <becomeVisible>false</becomeVisible>
      </li>
      <li>
        <label>initial</label>
        <minSeverity>0.08</minSeverity>
      </li>
      <li>
        <label>minor</label>
        <minSeverity>0.2</minSeverity>
      </li>
      <li>
        <label>moderate</label>
        <minSeverity>0.40</minSeverity>
        <capMods>
          <li>
             <capacity>Consciousness</capacity>
             <offset>-0.15</offset>
          </li>
          <li>
            <capacity>Moving</capacity>
            <offset>-0.3</offset>
          </li>
          <li>
            <capacity>Manipulation</capacity>
            <offset>-0.1</offset>
          </li>
        </capMods>
      </li>
      <li>
        <label>serious</label>
        <minSeverity>0.70</minSeverity>
        <capMods>
          <li>
             <capacity>Consciousness</capacity>
             <offset>-0.3</offset>
          </li>
          <li>
            <capacity>Moving</capacity>
            <offset>-0.5</offset>
          </li>
          <li>
            <capacity>Manipulation</capacity>
            <offset>-0.2</offset>
          </li>
        </capMods>
      </li>
      <li>
        <label>extreme</label>
        <minSeverity>0.85</minSeverity>
        <capMods>
          <li>
             <capacity>Consciousness</capacity>
             <offset>-0.45</offset>
          </li>
          <li>
            <capacity>Moving</capacity>
            <offset>-0.8</offset>
          </li>
          <li>
            <capacity>Manipulation</capacity>
            <offset>-0.4</offset>
          </li>
        </capMods>
      </li>
    </stages>
  </HediffDef>

</Defs>