﻿<?xml version="1.0" encoding="utf-8" ?>
<Defs>

  <!-- Different physical description roots for different kinds of artworks. 
      Added to artworks with tales and taleless art.-->
  
	<RulePackDef>
    <defName>ArtDescription_WeaponGun_Westerado</defName>
    <rulePack>
      <rulesStrings>
				<li>art_description_root->[physical_description_root_westerado]</li>
        <li>physical_description_root_westerado->This weapon is engraved with a [depiction] of [image_westerado]. [desc_sentence_group_westerado]</li>
				<li>physical_description_root_westerado->This weapon bears a [depiction] of [image_westerado]. [desc_sentence_group_westerado]</li>
				<li>physical_description_root_westerado->An engraving on this weapon [depicts] [image_westerado]. [desc_sentence_group_westerado]</li>
        <!--<li>physical_description_root_westerado->This weapon bears a [depiction] of [image]. [desc_sentence_group]</li>
        <li>physical_description_root_westerado->An engraving on this weapon [depicts] [image]. [desc_sentence_group]</li>-->
      </rulesStrings>
    </rulePack>
  </RulePackDef>

</Defs>
