﻿<?xml version="1.0" encoding="utf-8" ?>
<Defs>

  <RulePackDef>
    <defName>GlobalUtility</defName>
    <include>
      <li>TalkTopicsUtility</li>
    </include>
    <rulePack>
      <rulesStrings>
        <li>Trans->of</li>
        <li>Trans->for</li>
        <li>Trans->by</li>
        <li>Trans->with</li>
        <li>Character(p=6)->[PersonJob]</li>
        <li>Character(p=4)->[Animal]</li>
        <li>Character(p=3)->[Enemy]</li>
        <li>Character->[Mechanoid]</li>
        <li>Quantity_adjphrase->two</li>
        <li>Quantity_adjphrase->three</li>
        <li>Quantity_adjphrase->four</li>
        <li>Quantity_adjphrase->five</li>
        <li>Quantity_adjphrase->six</li>
        <li>Quantity_adjphrase->seven</li>
        <li>Quantity_adjphrase->eight</li>
        <li>Quantity_adjphrase->nine</li>
        <li>Quantity_adjphrase->ten</li>
        <li>Quantity_adjphrase->several</li>
        <li>Quantity_adjphrase->a group of</li>
        <li>Quantity_adjphrase->a large group of</li>
        <li>Quantity_adjphrase->dozens of</li>
        <li>Quantity_adjphrase->hundreds of</li>
        <li>Quantity_adjphrase->a thousand</li>
        <li>Quantity_adjphrase->thousands of</li>
        <li>Shape->triangle</li>
        <li>Shape->square</li>
        <li>Shape->rectangle</li>
        <li>Shape->cone</li>
        <li>Shape->line</li>
        <li>Shape->heart</li>
        <li>Shape->star</li>
        <li>Shape->circle</li>
        <li>Shape->ellipse</li>
        <li>AdjectiveAny->[AdjectiveBadass]</li>
        <li>AdjectiveAny->[AdjectiveAngsty]</li>
        <li>AdjectiveAny->[AdjectiveFriendly]</li>
        <li>AdjectiveAny->[AdjectiveNatural]</li>
        <li>ConceptAny->[ConceptPositive]</li>
        <li>ConceptAny->[ConceptBadass]</li>
        <li>ConceptAny->[ConceptAngsty]</li>
        <li>PersonalCharacteristic(p=0.15)->genitals</li>
        <li>PersonalCharacteristic(p=0.15)->pubic hair</li>
        <li>PersonalCharacteristic(p=0.15)->body hair</li>
        <li>PersonalCharacteristic(p=0.15)->toilet habits</li>
        <li>PersonalCharacteristic(p=0.15)->sexual prowess</li>
        <li>PersonalCharacteristic(p=0.15)->sexual preferences</li>
        <li>PersonalCharacteristic(p=0.15)->sexual experience</li>
      </rulesStrings>
      <rulesFiles>
				<!-- Custom Start -->
				<li>alexjones_westerado->Words/Nouns/AlexJones_Westerado</li>
				<li>apparel_westerado->Words/Nouns/Apparel_Westerado</li>
				<li>combat_westerado->Words/Verbs/Combat_Westerado</li>
				<li>combat_navy_westerado->Words/Verbs/Combat_Navy_Westerado</li>
				<li>community_westerado->Words/Nouns/Communities_Westerado</li>
				<li>flowers_westerado->Words/Nouns/Flowers_Westerado</li>
				<li>noble_metals_westerado->Words/Nouns/Noble_Metals_Westerado</li>
				<li>outlander_westerado->Words/Nouns/People_Outlanders_Westerado</li>
				<li>ship_westerado->Words/Nouns/Ships_Westerado</li>
				<li>timeofday_westerado->Words/Nouns/Time_of_Day_Westerado</li>
				<li>weapon_westerado->Words/Nouns/Weapons_Westerado</li>
				<li>weather_westerado->Words/Nouns/Weather_Westerado</li>
				<li>weather_ocean_westerado->Words/Nouns/Weather_Ocean_Westerado</li>
				<li>Enemy_Westerado->Words/Nouns/Enemies_Westerado</li>
				<!-- DEFAULT -->
        <li>RomanNumeral->Words/Misc/Numbers_SmallRoman</li>
        <li>Direction->Words/Adjectives/CompassDirections</li>
        <li>Letter->WordParts/CapitalLetters</li>
        <li>SylE->WordParts/Syllables_English</li>
        <li>SylG->WordParts/Syllables_Galician</li>
        <li>Color->Words/Nouns/Colors</li>
        <li>ColorBadass->Words/Nouns/Colors_Badass</li>
        <li>Vegetable->Words/Nouns/Vegetables</li>
        <li>Game->Words/Nouns/Games</li>
        <li>Animal->Words/Nouns/Animals</li>
        <li>AnimalBadass->Words/Nouns/Animals_Badass</li>
        <li>AnimalGroup->Words/Nouns/AnimalGroups</li>
        <li>Weapon->Words/Nouns/Weapons</li>
        <li>TerrainFeature->Words/Nouns/TerrainFeatures</li>
        <li>NaturalObject->Words/Nouns/NaturalObject</li>
        <li>TreeType->Words/Nouns/TreeTypes</li>
        <li>PersonJob->Words/Nouns/People_Jobs</li>
        <li>PersonFamily->Words/Nouns/People_Family</li>
        <li>PersonAlly->Words/Nouns/People_Allies</li>
        <li>PersonBadass->Words/Nouns/People_Badass</li>
        <li>Enemy->Words/Nouns/Enemies</li>
        <li>Apparel->Words/Nouns/Apparel</li>
        <li>Gore->Words/Nouns/Gore</li>
        <li>Mechanoid->Words/Nouns/Mechanoid</li>
        <li>ConceptPositive->Words/Nouns/Concepts_Positive</li>
        <li>ConceptBadass->Words/Nouns/Concepts_Badass</li>
        <li>ConceptAngsty->Words/Nouns/Concepts_Angsty</li>
        <li>Community->Words/Nouns/Communities</li>
        <li>Bodypart->Words/Nouns/Bodyparts</li>
        <li>AdjectiveLarge->Words/Adjectives/Large</li>
        <li>AdjectiveBadass->Words/Adjectives/Badass</li>
        <li>AdjectiveAngsty->Words/Adjectives/Angsty</li>
        <li>AdjectiveFriendly->Words/Adjectives/Friendly</li>
        <li>AdjectiveNatural->Words/Adjectives/Natural</li>
        <li>VerbFriendly->Words/Verbs/Friendly</li>
        <li>PersonalCharacteristic->Words/Nouns/PersonalCharacteristics</li>
      </rulesFiles>
      <rulesRaw>
        <li Class="Rule_NamePerson">
          <keyword>NamePerson</keyword>
        </li>
        <li Class="Rule_NamePerson">
          <keyword>NamePersonMale</keyword>
          <gender>Male</gender>
        </li>
        <li Class="Rule_NamePerson">
          <keyword>NamePersonFemale</keyword>
          <gender>Female</gender>
        </li>
        <li Class="Rule_Number">
          <keyword>Digit</keyword>
          <range>
            <min>0</min>
            <max>9</max>
          </range>
        </li>
      </rulesRaw>
    </rulePack>
  </RulePackDef>
  
  <RulePackDef>
    <defName>TalkTopicsUtility</defName>
    <rulePack>
      <rulesStrings>
        <li>TalkTopicAny->[TalkTopicLight]</li>
        <li>TalkTopicAny->[TalkTopicHeavy]</li>

        <li>TalkTopicHeavy->[talktopicheavyfile]</li>
        <li>TalkTopicHeavy(p=0.08)->the link between [talktopicheavyfile] and [talktopicheavyfile]</li>
        <li>TalkTopicHeavy(p=0.08)->the connection between [talktopicheavyfile] and [talktopicheavyfile]</li>
        <li>TalkTopicHeavy(p=0.08)->the relationship between [talktopicheavyfile] and [talktopicheavyfile]</li>

        <li>TalkTopicLight(p=25)->[talktopiclightfile]</li>
        <li>TalkTopicLight->[Vegetable]s</li>
        <li>TalkTopicLight->eating [Vegetable]s</li>
        <li>TalkTopicLight->cooking with [Vegetable]s</li>
        <li>TalkTopicLight->[Game]</li>
        <li>TalkTopicLight->playing [Game]</li>
        <li>TalkTopicLight->practicing [Game]</li>
        <li>TalkTopicLight->learning [Game]</li>
        <li>TalkTopicLight->[Animal]s</li>
        <li>TalkTopicLight->training [Animal]s</li>
        <li>TalkTopicLight->taming [Animal]s</li>
        <li>TalkTopicLight->fighting [Animal]s</li>
        <li>TalkTopicLight->crazy [Animal]s</li>
        <li>TalkTopicLight->[Weapon]s</li>
        <li>TalkTopicLight->using [Weapon]s</li>
        <li>TalkTopicLight->practicing with [Weapon]s</li>
        <li>TalkTopicLight->[TerrainFeature]s</li>
        <li>TalkTopicLight->[NaturalObject]s</li>
        <li>TalkTopicLight->[TreeType] trees</li>
        <li>TalkTopicLight->[PersonJob]s</li>
        <li>TalkTopicLight->friendly [PersonJob]s</li>
        <li>TalkTopicLight->hostile [PersonJob]s</li>
        <li>TalkTopicLight->[Enemy]s</li>
        <li>TalkTopicLight->fighting [Enemy]s</li>
        <li>TalkTopicLight->[Apparel]s</li>
        <li>TalkTopicLight->wearing [Apparel]s</li>
        <li>TalkTopicLight->making [Apparel]s</li>

        <li>talktopicheavyfile(p=0.15)->sex</li>
        <li>talktopicheavyfile(p=0.15)->seduction</li>
        <li>talktopicheavyfile(p=0.15)->animal sexuality</li>
        <li>talktopicheavyfile(p=0.15)->sexual fetishes</li>
      </rulesStrings>
      <rulesFiles>
        <li>talktopicheavyfile->Words/Nouns/TalkTopics_Heavy</li>
        <li>talktopiclightfile->Words/Nouns/TalkTopics_Light</li>
      </rulesFiles>
    </rulePack>
  </RulePackDef>

</Defs>
